"DateTime","Players","Players Trend","Twitch Viewers"
"2020-07-28 21:50:00",15999,13402.333333333332,0
"2020-07-28 22:00:00",15937,13403.037661050545,378
"2020-07-28 22:10:00",15582,13402.478719304043,367
"2020-07-28 22:20:00",15273,13402.289753331132,410
"2020-07-28 22:30:00",15087,13402.192046580774,458
"2020-07-28 22:40:00",14928,13402.057730426164,594
"2020-07-28 22:50:00",14777,13400.725711650699,675
"2020-07-28 23:00:00",14591,13398.999752229933,701
"2020-07-28 23:10:00",5880,13390.176832122013,738
"2020-07-28 23:20:00",14176,13447.596685387074,748
"2020-07-28 23:30:00",14198,13447.256340661323,735
"2020-07-28 23:40:00",14207,13446.094868406564,647
"2020-07-28 23:50:00",14177,13444.779255398003,658
"2020-07-29 00:00:00",14056,13443.184565104537,643
"2020-07-29 00:10:00",13938,13441.921948298646,658
"2020-07-29 00:20:00",13898,13440.500399185112,697
"2020-07-29 00:30:00",13846,13438.704018004624,682
"2020-07-29 00:40:00",13920,13436.75399185112,635
"2020-07-29 00:50:00",13906,13434.269246373287,633
"2020-07-29 01:00:00",13898,13432.306417244801,627
"2020-07-29 01:10:00",13863,13430.675182287981,521
"2020-07-29 01:20:00",13890,13428.902628865464,502
"2020-07-29 01:30:00",13857,13426.762866986972,265
"2020-07-29 01:40:00",13884,13424.53778493558,276
"2020-07-29 01:50:00",13905,13421.381631428256,288
"2020-07-29 02:00:00",13891,13418.158090010422,311
"2020-07-29 02:10:00",13749,13413.987448610655,314
"2020-07-29 02:20:00",13598,13410.14047776362,308
"2020-07-29 02:30:00",13477,13406.441460049215,331
"2020-07-29 02:40:00",13361,13403.588817310872,335
"2020-07-29 02:50:00",13272,13400.86410921776,273
"2020-07-29 03:00:00",13226,13398.213608771066,313
"2020-07-29 03:10:00",13038,13394.935664249037,291
"2020-07-29 03:20:00",12860,13391.061055079455,293
"2020-07-29 03:30:00",12701,13387.978017485495,278
"2020-07-29 03:40:00",12484,13384.668937892311,271
"2020-07-29 03:50:00",12371,13381.809745697143,274
"2020-07-29 04:00:00",12219,13377.989606697625,248
"2020-07-29 04:10:00",11913,13374.05124922705,242
"2020-07-29 04:20:00",11804,13370.638040964659,230
"2020-07-29 04:30:00",11679,13366.865553514313,286
"2020-07-29 04:40:00",11501,13362.55661742729,365
"2020-07-29 04:50:00",11329,13358.39688971736,407
"2020-07-29 05:00:00",11090,13354.061101600753,379
"2020-07-29 05:10:00",10903,13349.851655929971,419
"2020-07-29 05:20:00",10833,13345.416495501842,562
"2020-07-29 05:30:00",10725,13340.387922263466,473
"2020-07-29 05:40:00",10561,13335.024308996813,456
"2020-07-29 05:50:00",10473,13329.948899670546,418
"2020-07-29 06:00:00",10375,13324.628886686494,422
"2020-07-29 06:10:00",10194,13319.30092970456,201
"2020-07-29 06:20:00",10093,13314.48395635859,211
"2020-07-29 06:30:00",10032,13309.648532702538,202
"2020-07-29 06:40:00",9951,13304.689599163095,196
"2020-07-29 06:50:00",9835,13299.698156740855,195
"2020-07-29 07:00:00",9813,13294.975559252449,176
"2020-07-29 07:10:00",9797,13289.831566341529,159
"2020-07-29 07:20:00",9805,13285.254081086321,173
"2020-07-29 07:30:00",9717,13280.159580722655,172
"2020-07-29 07:40:00",9728,13275.58744631649,167
"2020-07-29 07:50:00",9749,13270.70987456246,176
"2020-07-29 08:00:00",9792,13265.836525038103,178
"2020-07-29 08:10:00",9767,13260.959960553437,173
"2020-07-29 08:20:00",9845,13256.330401387517,163
"2020-07-29 08:30:00",9959,13251.741911260202,112
"2020-07-29 08:40:00",10044,13247.017113653888,102
"2020-07-29 08:50:00",10088,13242.058378511314,112
"2020-07-29 09:00:00",10126,13237.165524981057,110
"2020-07-29 09:10:00",10240,13232.710683258889,110
"2020-07-29 09:20:00",10309,13227.691475136477,121
"2020-07-29 09:30:00",10362,13222.688931948154,115
"2020-07-29 09:40:00",10468,13217.864786367149,115
"2020-07-29 09:50:00",10535,13212.581029769373,131
"2020-07-29 10:00:00",10592,13207.029344012006,130
"2020-07-29 10:10:00",10669,13201.584326340719,113
"2020-07-29 10:20:00",10730,13196.590289731603,123
"2020-07-29 10:30:00",10862,13191.813694069397,125
"2020-07-29 10:40:00",10911,13187.44897207187,94
"2020-07-29 10:50:00",11012,13183.616373785722,102
"2020-07-29 11:00:00",11148,13179.791968120255,101
"2020-07-29 11:10:00",11180,13175.906411738797,108
"2020-07-29 11:20:00",11410,13172.498775250393,110
"2020-07-29 11:30:00",11476,13169.082399966566,116
"2020-07-29 11:40:00",11820,13166.31220011956,124
"2020-07-29 11:50:00",11945,13162.852368714253,141
"2020-07-29 12:00:00",12123,13160.334656694402,139
"2020-07-29 12:10:00",12339,13157.701247204282,131
"2020-07-29 12:20:00",12506,13154.956050845423,139
"2020-07-29 12:30:00",12698,13152.87885041184,155
"2020-07-29 12:40:00",12806,13150.550027530013,144
"2020-07-29 12:50:00",13059,13148.865597367892,149
"2020-07-29 13:00:00",13230,13146.335033610552,145
"2020-07-29 13:10:00",13425,13144.133890416364,191
"2020-07-29 13:20:00",13628,13142.212896578549,228
"2020-07-29 13:30:00",13740,13140.318888338294,245
"2020-07-29 13:40:00",13991,13138.921907691887,307
"2020-07-29 13:50:00",14117,13137.194833341284,325
"2020-07-29 14:00:00",14195,13135.726074175956,333
"2020-07-29 14:10:00",14330,13134.80297274029,366
"2020-07-29 14:20:00",14433,13134.39281742099,381
"2020-07-29 14:30:00",14633,13134.232863387926,375
"2020-07-29 14:40:00",14800,13134.209364089213,394
"2020-07-29 14:50:00",15001,13134.468189677478,396
"2020-07-29 15:00:00",15120,13134.754031028438,423
"2020-07-29 15:10:00",15196,13134.115620133089,426
"2020-07-29 15:20:00",15212,13133.841287947258,437
"2020-07-29 15:30:00",15289,13134.263235051207,419
"2020-07-29 15:40:00",15425,13134.897258011235,405
"2020-07-29 15:50:00",15423,13135.322363067258,448
"2020-07-29 16:00:00",15499,13136.148544913956,492
"2020-07-29 16:10:00",15547,13136.629499854165,467
"2020-07-29 16:20:00",15661,13137.288730787986,533
"2020-07-29 16:30:00",15793,13137.415241257882,545
"2020-07-29 16:40:00",15819,13136.888645465662,558
"2020-07-29 16:50:00",15943,13136.873161534117,530
"2020-07-29 17:00:00",15958,13136.368248977595,525
"2020-07-29 17:10:00",15978,13136.247121525925,515
"2020-07-29 17:20:00",16016,13136.421895501693,438
"2020-07-29 17:30:00",16174,13137.077105941486,448
"2020-07-29 17:40:00",16196,13137.257229380026,444
"2020-07-29 17:50:00",16350,13137.699428740965,478
"2020-07-29 18:00:00",16317,13138.085102926125,482
"2020-07-29 18:10:00",16514,13138.97619493663,462
"2020-07-29 18:20:00",16569,13138.957640642817,418
"2020-07-29 18:30:00",16612,13139.37922035018,342
"2020-07-29 18:40:00",16757,13140.376402063961,317
"2020-07-29 18:50:00",16826,13141.11337111881,334
"2020-07-29 19:00:00",16807,13141.99036019574,329
"2020-07-29 19:10:00",16857,13143.195962756381,342
"2020-07-29 19:20:00",16913,13144.202167670455,404
"2020-07-29 19:30:00",16917,13145.654437038665,455
"2020-07-29 19:40:00",16953,13147.498149232664,475
"2020-07-29 19:50:00",16969,13149.440812294615,485
"2020-07-29 20:00:00",16913,13151.41132543428,494
"2020-07-29 20:10:00",16895,13153.254073523476,369
"2020-07-29 20:20:00",16872,13154.964517868595,380
"2020-07-29 20:30:00",16815,13156.930177218901,401
"2020-07-29 20:40:00",16763,13159.082882080598,440
"2020-07-29 20:50:00",16601,13160.48631352599,449
"2020-07-29 21:00:00",16562,13162.32335173911,429
"2020-07-29 21:10:00",16394,13163.293175252516,527
"2020-07-29 21:20:00",16365,13164.210041938672,554
"2020-07-29 21:30:00",16099,13163.945731568561,559
"2020-07-29 21:40:00",15883,13164.167836691993,598
"2020-07-29 21:50:00",15734,13162.328722057042,601
"2020-07-29 22:00:00",15526,13159.999642109899,602
"2020-07-29 22:10:00",15266,13157.4150079837,597
"2020-07-29 22:20:00",14999,13155.301563704435,660
"2020-07-29 22:30:00",14832,13153.967108523288,736
"2020-07-29 22:40:00",14522,13152.802974617329,768
"2020-07-29 22:50:00",14340,13152.738747109346,796
"2020-07-29 23:00:00",14240,13153.017447142382,811
"2020-07-29 23:10:00",14108,13162.247591124322,845
"2020-07-29 23:20:00",14017,13162.628854201073,882
"2020-07-29 23:30:00",13918,13162.967425118379,886
"2020-07-29 23:40:00",13908,13163.363430514255,857
"2020-07-29 23:50:00",13853,13163.381180486727,895
"2020-07-30 00:00:00",13796,13162.888854476374,912
"2020-07-30 00:10:00",13660,13162.509325790106,835
"2020-07-30 00:20:00",13572,13162.18551783944,825
"2020-07-30 00:30:00",13487,13162.458457218363,763
"2020-07-30 00:40:00",13484,13162.797874683401,787
"2020-07-30 00:50:00",13547,13163.09351255368,782
"2020-07-30 01:00:00",13592,13162.959468946146,747
"2020-07-30 01:10:00",13532,13162.269800958038,758
"2020-07-30 01:20:00",13509,13161.345990254373,448
"2020-07-30 01:30:00",13459,13160.43419639907,456
"2020-07-30 01:40:00",13345,13159.258135117274,458
"2020-07-30 01:50:00",13357,13158.847676467347,461
"2020-07-30 02:00:00",13222,13158.312224699921,434
"2020-07-30 02:10:00",13148,13158.655654663582,411
"2020-07-30 02:20:00",13035,13158.935669254484,415
"2020-07-30 02:30:00",13055,13159.730426164517,401
"2020-07-30 02:40:00",12970,13160.588371324742,400
"2020-07-30 02:50:00",12898,13161.596699152073,417
"2020-07-30 03:00:00",12785,13162.183411793852,418
"2020-07-30 03:10:00",12533,13162.77047544323,446
"2020-07-30 03:20:00",12495,13163.97125178945,457
"2020-07-30 03:30:00",12333,13164.879735161323,441
"2020-07-30 03:40:00",12199,13165.282925889218,441
"2020-07-30 03:50:00",11964,13165.478478416473,408
"2020-07-30 04:00:00",11838,13166.46904250633,394
"2020-07-30 04:10:00",11626,13167.085343023893,379
"2020-07-30 04:20:00",11481,13167.61076698601,347
"2020-07-30 04:30:00",11301,13167.952517619204,357
"2020-07-30 04:40:00",11170,13168.682076588479,377
"2020-07-30 04:50:00",11006,13169.443398304147,371
"2020-07-30 05:00:00",10813,13170.534378097122,364
"2020-07-30 05:10:00",10602,13171.870030833608,349
"2020-07-30 05:20:00",10458,13173.451512773923,358
"2020-07-30 05:30:00",10323,13175.123279374517,378
"2020-07-30 05:40:00",10215,13177.111613533749,380
"2020-07-30 05:50:00",10104,13178.727556161213,310
"2020-07-30 06:00:00",10031,13180.31080002202,310
"2020-07-30 06:10:00",9942,13181.497178174208,285
"2020-07-30 06:20:00",9847,13182.034990639795,295
"2020-07-30 06:30:00",9779,13182.726159013322,245
"2020-07-30 06:40:00",9710,13183.288308005724,248
"2020-07-30 06:50:00",9638,13184.100711650695,241
"2020-07-30 07:00:00",9554,13185.057400066069,251
"2020-07-30 07:10:00",9623,13186.197101090183,253
"2020-07-30 07:20:00",9565,13186.58947252505,243
"2020-07-30 07:30:00",9555,13187.268892467788,261
"2020-07-30 07:40:00",9516,13187.902130822593,248
"2020-07-30 07:50:00",9531,13188.943198711593,247
"2020-07-30 08:00:00",9577,13190.065555830854,238
"2020-07-30 08:10:00",9578,13191.11918428587,238
"2020-07-30 08:20:00",9645,13192.052279484635,167
"2020-07-30 08:30:00",9725,13192.661160665122,166
"2020-07-30 08:40:00",9767,13193.02679358,172
"2020-07-30 08:50:00",9815,13193.409350567117,154
"2020-07-30 09:00:00",9903,13193.996483041514,164
"2020-07-30 09:10:00",9919,13194.046167822926,169
"2020-07-30 09:20:00",9982,13194.355611992069,183
"2020-07-30 09:30:00",10046,13194.795493337737,189
"2020-07-30 09:40:00",10070,13195.096816154606,112
"2020-07-30 09:50:00",10086,13195.325845171235,124
"2020-07-30 10:00:00",10147,13195.776215449838,123
"2020-07-30 10:10:00",10284,13195.910561887456,116
"2020-07-30 10:20:00",10358,13195.600980068273,114
"2020-07-30 10:30:00",10546,13195.186095969606,99
"2020-07-30 10:40:00",10662,13194.082500550598,87
"2020-07-30 10:50:00",10743,13192.957872205701,104
"2020-07-30 11:00:00",10864,13191.651731637481,139
"2020-07-30 11:10:00",10935,13190.301646294458,157
"2020-07-30 11:20:00",11153,13189.482738685163,138
"2020-07-30 11:30:00",11267,13188.041122949011,142
"2020-07-30 11:40:00",11483,13186.824964210986,148
"2020-07-30 11:50:00",11728,13185.267736207463,152
"2020-07-30 12:00:00",11854,13183.312217817416,159
"2020-07-30 12:10:00",12026,13181.29826698601,236
"2020-07-30 12:20:00",12268,13179.821075597396,213
"2020-07-30 12:30:00",12403,13177.723268362512,213
"2020-07-30 12:40:00",12573,13176.035052582312,235
"2020-07-30 12:50:00",12665,13174.776077799797,235
"2020-07-30 13:00:00",12857,13174.026965642546,263
"2020-07-30 13:10:00",13064,13172.675717156697,263
"2020-07-30 13:20:00",13253,13171.437052637373,851
"2020-07-30 13:30:00",13404,13170.41818769959,710
"2020-07-30 13:40:00",13582,13169.223096299966,668
"2020-07-30 13:50:00",13736,13168.44601365488,654
"2020-07-30 14:00:00",13879,13168.279567228277,583
"2020-07-30 14:10:00",14079,13168.738953584405,570
"2020-07-30 14:20:00",14190,13168.80554179055,579
"2020-07-30 14:30:00",14385,13168.817262691331,576
"2020-07-30 14:40:00",14565,13168.562651415043,543
"2020-07-30 14:50:00",14751,13168.253000770837,552
"2020-07-30 15:00:00",14709,13167.535018169801,557
"2020-07-30 15:10:00",14840,13167.219772051532,498
"2020-07-30 15:20:00",14955,13167.314564750573,492
"2020-07-30 15:30:00",15044,13167.70734225305,515
"2020-07-30 15:40:00",15146,13167.676088811799,484
"2020-07-30 15:50:00",15196,13167.683287908814,485
"2020-07-30 16:00:00",15208,13167.840401662806,379
"2020-07-30 16:10:00",15266,13167.70802362074,387
"2020-07-30 16:20:00",15272,13167.090842142932,411
"2020-07-30 16:30:00",15293,13166.4903851448,298
"2020-07-30 16:40:00",15381,13165.655702841093,303
"2020-07-30 16:50:00",15422,13164.435318246884,287
"2020-07-30 17:00:00",15495,13163.064303215502,305
"2020-07-30 17:10:00",15556,13161.607215615019,260
"2020-07-30 17:20:00",15646,13159.704320834706,269
"2020-07-30 17:30:00",15722,13157.389694141611,213
"2020-07-30 17:40:00",15761,13155.093478141172,231
"2020-07-30 17:50:00",15910,13153.360622453474,237
"2020-07-30 18:00:00",15927,13151.080566567558,242
"2020-07-30 18:10:00",15965,13148.758947252505,253
"2020-07-30 18:20:00",16084,13146.734872260762,274
"2020-07-30 18:30:00",16197,13144.770090023125,285
"2020-07-30 18:40:00",16287,13142.431168098225,288
"2020-07-30 18:50:00",16381,13139.856554894835,278
"2020-07-30 19:00:00",16407,13137.22742539368,297
"2020-07-30 19:10:00",16414,13134.558060786258,265
"2020-07-30 19:20:00",16542,13132.073615240613,276
"2020-07-30 19:30:00",16604,13129.592149818303,284
"2020-07-30 19:40:00",16653,13127.126108082812,301
"2020-07-30 19:50:00",16682,13124.38824193371,292
"2020-07-30 20:00:00",16607,13121.86313456668,287
"2020-07-30 20:10:00",16570,13119.97702620857,319
"2020-07-30 20:20:00",16598,13118.112563319019,316
"2020-07-30 20:30:00",16580,13115.64088481445,295
"2020-07-30 20:40:00",16429,13112.935042946812,301
"2020-07-30 20:50:00",16345,13111.107263792535,314
"2020-07-30 21:00:00",16188,13108.999917409978,303
"2020-07-30 21:10:00",16015,13107.470343299196,281
"2020-07-30 21:20:00",15831,13105.618840160776,410
"2020-07-30 21:30:00",15681,13103.891111937013,358
"2020-07-30 21:40:00",15572,13102.853581654004,406
"2020-07-30 21:50:00",15365,13101.554151525164,412
"2020-07-30 22:00:00",15098,13100.951581598943,406
"2020-07-30 22:10:00",14910,13100.79796415593,649
"2020-07-30 22:20:00",14771,13101.062334819955,657
"2020-07-30 22:30:00",14659,13101.062038872371,521
"2020-07-30 22:40:00",14541,13101.53432303711,519
"2020-07-30 22:50:00",14403,13101.883128234778,513
"2020-07-30 23:00:00",14300,13102.073794185662,485
"2020-07-30 23:10:00",14146,13101.857181202511,499
"2020-07-30 23:20:00",14070,13101.422702620857,467
"2020-07-30 23:30:00",13985,13100.676694471977,505
"2020-07-30 23:40:00",13916,13099.529305693206,536
"2020-07-30 23:50:00",13763,13098.309884649267,503
"2020-07-31 00:00:00",13729,13097.407850181698,530
"2020-07-31 00:10:00",13612,13096.055142605439,513
"2020-07-31 00:20:00",13633,13095.287399515471,517
"2020-07-31 00:30:00",13575,13094.463137319679,525
"2020-07-31 00:40:00",13551,13093.763675531329,542
"2020-07-31 00:50:00",13531,13093.24600126638,563
"2020-07-31 01:00:00",13486,13092.495918676355,482
"2020-07-31 01:10:00",13396,13091.56657444114,477
"2020-07-31 01:20:00",13379,13091.05472277282,353
"2020-07-31 01:30:00",13312,13090.74130051756,322
"2020-07-31 01:40:00",13333,13091.233729765443,334
"2020-07-31 01:50:00",13349,13091.656425503796,319
"2020-07-31 02:00:00",13354,13092.724314502808,314
"2020-07-31 02:10:00",13263,13093.573339940534,314
"2020-07-31 02:20:00",13212,13095.17765113974,318
"2020-07-31 02:30:00",13238,13097.45220790662,320
"2020-07-31 02:40:00",13177,13099.666763021693,335
"2020-07-31 02:50:00",13047,13101.623795562162,348
"2020-07-31 03:00:00",12949,13104.380485354035,327
"2020-07-31 03:10:00",12776,13107.382412454575,344
"2020-07-31 03:20:00",12689,13110.66061006497,341
"2020-07-31 03:30:00",12422,13113.653266435413,369
"2020-07-31 03:40:00",12279,13117.36502725471,384
"2020-07-31 03:50:00",12179,13121.411091840106,449
"2020-07-31 04:00:00",11968,13125.466729985683,478
"2020-07-31 04:10:00",11749,13130.080346327497,506
"2020-07-31 04:20:00",11585,13135.39120829204,518
"2020-07-31 04:30:00",11464,13141.346726682083,506
"2020-07-31 04:40:00",11338,13147.5146459641,472
"2020-07-31 04:50:00",11223,13153.79310510957,462
"2020-07-31 05:00:00",11080,13160.684629996696,472
"2020-07-31 05:10:00",10931,13167.996407333992,494
"2020-07-31 05:20:00",10811,13175.07371159564,517
"2020-07-31 05:30:00",10721,13182.52401304922,515
"2020-07-31 05:40:00",10554,13189.875254652572,522
"2020-07-31 05:50:00",10433,13197.67007350512,528
"2020-07-31 06:00:00",10269,13205.459241823588,497
"2020-07-31 06:10:00",10064,13213.611221231142,511
"2020-07-31 06:20:00",9999,13222.152392357668,466
"2020-07-31 06:30:00",9906,13230.552561667215,485
"2020-07-31 06:40:00",9872,13239.5821564255,231
"2020-07-31 06:50:00",9842,13248.833477865872,248
"2020-07-31 07:00:00",9771,13257.834902543771,235
"2020-07-31 07:10:00",9723,13266.696564255035,217
"2020-07-31 07:20:00",9698,13275.515575101857,221
"2020-07-31 07:30:00",9693,13284.550352384094,219
"2020-07-31 07:40:00",9730,13293.864738189623,212
"2020-07-31 07:50:00",9760,13303.063429137757,194
"2020-07-31 08:00:00",9788,13312.208863285978,188
"2020-07-31 08:10:00",9771,13321.300607036666,198
"2020-07-31 08:20:00",9789,13331.128317365927,207
"2020-07-31 08:30:00",9837,13340.905193535951,205
"2020-07-31 08:40:00",9882,13350.516703832174,194
"2020-07-31 08:50:00",9955,13360.008155764779,208
"2020-07-31 09:00:00",9972,13369.05168758947,151
"2020-07-31 09:10:00",10038,13377.992876610504,170
"2020-07-31 09:20:00",10123,13386.85461402929,183
"2020-07-31 09:30:00",10185,13395.578715174537,141
"2020-07-31 09:40:00",10211,13403.844469221447,140
"2020-07-31 09:50:00",10268,13412.049843078954,146
"2020-07-31 10:00:00",10256,13420.095935194358,206
"2020-07-31 10:10:00",10309,13428.27869315053,215
"2020-07-31 10:20:00",10349,13436.088240557205,228
"2020-07-31 10:30:00",10392,13443.67761672723,238
"2020-07-31 10:40:00",10510,13451.434485464153,237
"2020-07-31 10:50:00",10562,13459.355143981938,298
"2020-07-31 11:00:00",10664,13467.803243034907,297
"2020-07-31 11:10:00",10837,13476.51733013985,294
"2020-07-31 11:20:00",10926,13484.652784660278,291
"2020-07-31 11:30:00",11119,13493.190638420876,272
"2020-07-31 11:40:00",11237,13501.240371379801,283
"2020-07-31 11:50:00",11423,13509.554020757625,292
"2020-07-31 12:00:00",11551,13517.816491851116,284
"2020-07-31 12:10:00",11801,13526.337187534411,292
"2020-07-31 12:20:00",11944,13534.656095143706,280
"2020-07-31 12:30:00",12137,13543.412303160443,274
"2020-07-31 12:40:00",12436,13552.29383465477,230
"2020-07-31 12:50:00",12618,13561.146260048452,228
"2020-07-31 13:00:00",12694,13569.58261067063,228
"2020-07-31 13:10:00",12927,13578.647602136327,264
"2020-07-31 13:20:00",13146,13587.320745237308,292
"2020-07-31 13:30:00",13287,13596.026050269793,296
"2020-07-31 13:40:00",13536,13605.325377161105,355
"2020-07-31 13:50:00",13786,13614.55289202731,397
"2020-07-31 14:00:00",14028,13624.248176136987,404
"2020-07-31 14:10:00",14152,13633.128255423411,453
"2020-07-31 14:20:00",14255,13642.578426109458,485
"2020-07-31 14:30:00",14396,13652.130767536615,486
"2020-07-31 14:40:00",14571,13661.751858275516,536
"2020-07-31 14:50:00",14732,13671.216943343243,520
"2020-07-31 15:00:00",14750,13680.746008148879,541
"2020-07-31 15:10:00",14928,13690.428676632528,525
"2020-07-31 15:20:00",15097,13699.75461127629,520
"2020-07-31 15:30:00",15117,13708.956633355356,543
"2020-07-31 15:40:00",15210,13718.115687974889,532
"2020-07-31 15:50:00",15311,13727.19676384759,552
"2020-07-31 16:00:00",15265,13735.347999944937,534
"2020-07-31 16:10:00",15267,13743.292196619313,522
"2020-07-31 16:20:00",15315,13751.16729297434,476
"2020-07-31 16:30:00",15271,13758.575562988655,457
"2020-07-31 16:40:00",15314,13765.768816760266,449
"2020-07-31 16:50:00",15307,13773.038927430898,459
"2020-07-31 17:00:00",15350,13780.008231472304,508
"2020-07-31 17:10:00",15307,13785.975773593214,485
"2020-07-31 17:20:00",15346,13792.079898964872,484
"2020-07-31 17:30:00",15420,13798.081433762802,347
"2020-07-31 17:40:00",15571,13804.24199565026,335
"2020-07-31 17:50:00",15596,13809.777722717765,347
"2020-07-31 18:00:00",15662,13815.45921429358,357
"2020-07-31 18:10:00",15736,13820.875454245128,359
"2020-07-31 18:20:00",15842,13825.923198160996,356
"2020-07-31 18:30:00",15902,13830.995670906286,236
"2020-07-31 18:40:00",15937,13836.22865047902,289
"2020-07-31 18:50:00",16004,13841.445153342142,282
"2020-07-31 19:00:00",16038,13846.973075652462,306
"2020-07-31 19:10:00",16055,13852.677933322324,312
"2020-07-31 19:20:00",16162,13858.19299223654,337
"2020-07-31 19:30:00",16222,13863.678731692547,337
"2020-07-31 19:40:00",16212,13869.129060676136,365
"2020-07-31 19:50:00",16290,13874.752759883273,368
"2020-07-31 20:00:00",16349,13880.323312410528,384
"2020-07-31 20:10:00",16297,13885.55017343905,382
"2020-07-31 20:20:00",16189,13890.287839995595,395
"2020-07-31 20:30:00",16162,13895.303043442353,436
"2020-07-31 20:40:00",16156,13900.650444609624,489
"2020-07-31 20:50:00",16062,13905.906982986457,475
"2020-07-31 21:00:00",16023,13911.26452896157,464
"2020-07-31 21:10:00",15847,13916.81806106156,487
"2020-07-31 21:20:00",15643,13922.416329424073,488
"2020-07-31 21:30:00",15590,13928.583821990971,460
"2020-07-31 21:40:00",15452,13934.322610395333,479
"2020-07-31 21:50:00",15410,13940.3932111001,447
"2020-07-31 22:00:00",15206,13946.083450335867,439
"2020-07-31 22:10:00",15052,13952.003386190949,449
"2020-07-31 22:20:00",14838,13957.494755533533,461
"2020-07-31 22:30:00",14744,13963.056876995928,494
"2020-07-31 22:40:00",14583,13967.506503964323,444
"2020-07-31 22:50:00",14414,13971.972545699815,474
"2020-07-31 23:00:00",14237,13976.08053215505,540
"2020-07-31 23:10:00",14032,13979.762120085896,672
"2020-07-31 23:20:00",13886,13983.472022629667,734
"2020-07-31 23:30:00",13743,13986.90831130933,751
"2020-07-31 23:40:00",13700,13990.447052912676,754
"2020-07-31 23:50:00",13602,13994.11882639577,744
"2020-08-01 00:00:00",13467,13997.520798920823,691
"2020-08-01 00:10:00",13423,14000.84367773373,691
"2020-08-01 00:20:00",13420,14003.470997136881,739
"2020-08-01 00:30:00",13396,14005.769628895498,719
"2020-08-01 00:40:00",13445,14008.28696591785,738
"2020-08-01 00:50:00",13416,14010.058735271446,756
"2020-08-01 01:00:00",13347,14011.813876500386,746
"2020-08-01 01:10:00",13341,14014.04082011893,722
"2020-08-01 01:20:00",13373,14016.32482656095,691
"2020-08-01 01:30:00",13414,14018.729462614248,687
"2020-08-01 01:40:00",13419,14021.117580662922,657
"2020-08-01 01:50:00",13507,14023.620154718643,652
"2020-08-01 02:00:00",13474,14025.66907554234,670
"2020-08-01 02:10:00",13513,14028.17031439269,636
"2020-08-01 02:20:00",13600,14031.056904525933,662
"2020-08-01 02:30:00",13603,14033.569045259334,706
"2020-08-01 02:40:00",13515,14035.778156315384,688
"2020-08-01 02:50:00",13547,14039.034983757298,680
"2020-08-01 03:00:00",13465,14042.389914381678,536
"2020-08-01 03:10:00",13374,14046.020000550601,549
"2020-08-01 03:20:00",13277,14049.744721121024,482
"2020-08-01 03:30:00",13168,14054.296298590467,484
"2020-08-01 03:40:00",13034,14058.842913776018,631
"2020-08-01 03:50:00",12978,14063.970529126751,694
"2020-08-01 04:00:00",12891,14069.679385530231,534
"2020-08-01 04:10:00",12832,14076.102301508647,540
"2020-08-01 04:20:00",12780,14082.30828102632,551
"2020-08-01 04:30:00",12705,14088.454348364721,527
"2020-08-01 04:40:00",12582,14094.332555610617,484
"2020-08-01 04:50:00",12577,14100.647085948687,472
"2020-08-01 05:00:00",12497,14106.926398524394,518
"2020-08-01 05:10:00",12289,14112.938573670304,474
"2020-08-01 05:20:00",12230,14119.622364001763,452
"2020-08-01 05:30:00",12151,14126.285651359985,455
"2020-08-01 05:40:00",12088,14133.213722332344,465
"2020-08-01 05:50:00",12015,14140.187789065083,440
"2020-08-01 06:00:00",11992,14147.695463054732,230
"2020-08-01 06:10:00",11861,14155.40824936681,280
"2020-08-01 06:20:00",11783,14163.263207521202,257
"2020-08-01 06:30:00",11814,14171.502257460634,239
"2020-08-01 06:40:00",11812,14179.74174788019,236
"2020-08-01 06:50:00",11726,14187.670672282791,201
"2020-08-01 07:00:00",11690,14195.996049443896,201
"2020-08-01 07:10:00",11621,14204.346114139413,173
"2020-08-01 07:20:00",11646,14213.227329038651,161
"2020-08-01 07:30:00",11668,14222.096774859598,157
"2020-08-01 07:40:00",11677,14230.612941856623,154
"2020-08-01 07:50:00",11710,14239.241176632531,90
"2020-08-01 08:00:00",11741,14247.828315989429,96
"2020-08-01 08:10:00",11918,14257.382178449512,97
"2020-08-01 08:20:00",11948,14266.393534577692,105
"2020-08-01 08:30:00",11964,14275.66568246889,114
"2020-08-01 08:40:00",11975,14285.689440865543,119
"2020-08-01 08:50:00",11993,14296.056539753332,121
"2020-08-01 09:00:00",11966,14306.48114882722,125
"2020-08-01 09:10:00",12008,14317.411855797818,126
"2020-08-01 09:20:00",12069,14328.379728278825,137
"2020-08-01 09:30:00",12033,14338.911573615242,150
"2020-08-01 09:40:00",12028,14349.5060703667,139
"2020-08-01 09:50:00",12095,14360.533201189297,171
"2020-08-01 10:00:00",12166,14371.90807042176,141
"2020-08-01 10:10:00",12160,14382.877876885806,173
"2020-08-01 10:20:00",12238,14394.081660885366,176
"2020-08-01 10:30:00",12324,14405.4957122013,126
"2020-08-01 10:40:00",12502,14417.238623224315,108
"2020-08-01 10:50:00",12691,14429.220597951768,122
"2020-08-01 11:00:00",12802,14440.910073229821,121
"2020-08-01 11:10:00",12925,14452.258658187427,111
"2020-08-01 11:20:00",13067,14463.752911298317,115
"2020-08-01 11:30:00",13213,14474.934843354258,121
"2020-08-01 11:40:00",13433,14486.4821399075,118
"2020-08-01 11:50:00",13614,14497.88460109019,199
"2020-08-01 12:00:00",13763,14509.401387512393,203
"2020-08-01 12:10:00",14033,14520.880492236542,184
"2020-08-01 12:20:00",14250,14532.246145798927,191
"2020-08-01 12:30:00",14403,14543.588990749922,191
"2020-08-01 12:40:00",14649,14554.823980013221,201
"2020-08-01 12:50:00",14812,14565.82705649158,204
"2020-08-01 13:00:00",15025,14577.595267591678,200
"2020-08-01 13:10:00",15157,14588.991107807513,203
"2020-08-01 13:20:00",15397,14600.719930349082,187
"2020-08-01 13:30:00",15640,14612.950879583752,190
"2020-08-01 13:40:00",15821,14625.257784109683,200
"2020-08-01 13:50:00",16126,14638.090897202954,215
"2020-08-01 14:00:00",16232,14649.895034963112,222
"2020-08-01 14:10:00",16501,14662.302382722168,234
"2020-08-01 14:20:00",16669,14674.023042616456,324
"2020-08-01 14:30:00",16837,14686.3892811915,373
"2020-08-01 14:40:00",16999,14698.471871214624,358
"2020-08-01 14:50:00",17145,14710.70610340271,359
"2020-08-01 15:00:00",17177,14723.043903479796,387
"2020-08-01 15:10:00",17244,14735.242298480345,403
"2020-08-01 15:20:00",17435,14747.821405957493,421
"2020-08-01 15:30:00",17458,14760.534440039644,426
"2020-08-01 15:40:00",17507,14773.186976929856,441
"2020-08-01 15:50:00",17432,14785.315975663474,425
"2020-08-01 16:00:00",17380,14797.881765499398,443
"2020-08-01 16:10:00",17345,14810.392832562495,451
"2020-08-01 16:20:00",17331,14822.808989924019,445
"2020-08-01 16:30:00",17272,14835.326464596412,436
"2020-08-01 16:40:00",17372,14848.322582865327,471
"2020-08-01 16:50:00",17320,14860.843106486074,494
"2020-08-01 17:00:00",17199,14873.045231802667,464
"2020-08-01 17:10:00",17230,14885.856176357232,367
"2020-08-01 17:20:00",17253,14898.621806519108,371
"2020-08-01 17:30:00",17297,14911.440308060788,347
"2020-08-01 17:40:00",17388,14924.29074441141,346
"2020-08-01 17:50:00",17422,14937.39139411959,342
"2020-08-01 18:00:00",17406,14950.265953639468,352
"2020-08-01 18:10:00",17406,14962.74532678119,362
"2020-08-01 18:20:00",17561,14975.239132529456,287
"2020-08-01 18:30:00",17705,14987.886507543222,273
"2020-08-01 18:40:00",17762,15000.446337132475,295
"2020-08-01 18:50:00",17907,15013.386658958267,308
"2020-08-01 19:00:00",17985,15025.970659894287,292
"2020-08-01 19:10:00",17978,15038.47524364057,289
"2020-08-01 19:20:00",18087,15051.240701739898,312
"2020-08-01 19:30:00",18188,15063.69631648497,375
"2020-08-01 19:40:00",18194,15076.215759552917,369
"2020-08-01 19:50:00",18171,15088.366617112653,381
"2020-08-01 20:00:00",18163,15100.107724920166,379
"2020-08-01 20:10:00",18095,15111.506256194254,372
"2020-08-01 20:20:00",18070,15123.275596024669,387
"2020-08-01 20:30:00",18028,15134.648551921598,369
"2020-08-01 20:40:00",18014,15145.545500220243,379
"2020-08-01 20:50:00",17866,15155.831151580227,389
"2020-08-01 21:00:00",17885,15166.514019656428,392
"2020-08-01 21:10:00",17742,15176.560366424404,420
"2020-08-01 21:20:00",17616,15186.153624325518,421
"2020-08-01 21:30:00",17484,15195.13252945711,416
"2020-08-01 21:40:00",17313,15204.178490804978,421
"2020-08-01 21:50:00",17134,15212.132226627024,428
"2020-08-01 22:00:00",16968,15220.299264948795,411
"2020-08-01 22:10:00",16768,15227.99881620967,398
"2020-08-01 22:20:00",16564,15235.552816319787,414
"2020-08-01 22:30:00",16226,15242.421339885477,427
"2020-08-01 22:40:00",16098,15249.12771858826,434
"2020-08-01 22:50:00",15900,15255.411718147781,455
"2020-08-01 23:00:00",15659,15261.668146404581,463
"2020-08-01 23:10:00",15521,15268.113561281796,493
"2020-08-01 23:20:00",15356,15274.68095474067,528
"2020-08-01 23:30:00",15225,15281.196688140073,509
"2020-08-01 23:40:00",15179,15287.702847979299,509
"2020-08-01 23:50:00",15097,15293.96339197225,484
"2020-08-02 00:00:00",14890,15299.653115020372,495
"2020-08-02 00:10:00",14691,15304.882563869622,508
"2020-08-02 00:20:00",14581,15309.652791542781,500
"2020-08-02 00:30:00",14560,15314.453075101861,525
"2020-08-02 00:40:00",14427,15318.26496255919,551
"2020-08-02 00:50:00",14417,15322.39096740447,542
"2020-08-02 01:00:00",14407,15326.4949964211,530
"2020-08-02 01:10:00",14380,15330.468099603568,528
"2020-08-02 01:20:00",14359,15333.903700033035,502
"2020-08-02 01:30:00",14412,15337.333691223434,462
"2020-08-02 01:40:00",14391,15340.167575156922,463
"2020-08-02 01:50:00",14394,15342.660259057375,454
"2020-08-02 02:00:00",14375,15344.947128620195,488
"2020-08-02 02:10:00",14403,15347.254652571304,481
"2020-08-02 02:20:00",14412,15348.79838398855,516
"2020-08-02 02:30:00",14359,15349.791370719086,506
"2020-08-02 02:40:00",14414,15351.130265113976,509
"2020-08-02 02:50:00",14460,15351.860354035898,526
"2020-08-02 03:00:00",14383,15352.18460246669,589
"2020-08-02 03:10:00",14327,15352.474865102962,537
"2020-08-02 03:20:00",14317,15353.094503633962,542
"2020-08-02 03:30:00",14200,15353.366823587712,570
"2020-08-02 03:40:00",14185,15354.113162096688,669
"2020-08-02 03:50:00",14179,15354.665957768972,638
"2020-08-02 04:00:00",14146,15354.953735822048,673
"2020-08-02 04:10:00",13931,15354.208347098338,504
"2020-08-02 04:20:00",13822,15353.372088701686,528
"2020-08-02 04:30:00",13671,15351.951230591347,512
"2020-08-02 04:40:00",13568,15350.529505285765,545
"2020-08-02 04:50:00",13496,15348.851234720849,621
"2020-08-02 05:00:00",13394,15346.833023620751,613
"2020-08-02 05:10:00",13313,15345.056168098232,627
"2020-08-02 05:20:00",13237,15343.041281246562,611
"2020-08-02 05:30:00",13135,15340.806532870834,621
"2020-08-02 05:40:00",13039,15338.328426109463,644
"2020-08-02 05:50:00",12982,15335.990068549723,641
"2020-08-02 06:00:00",12945,15333.445800297328,636
"2020-08-02 06:10:00",12862,15330.932289946046,619
"2020-08-02 06:20:00",12773,15328.176604999455,621
"2020-08-02 06:30:00",12771,15325.20330910693,628
"2020-08-02 06:40:00",12731,15321.685029181814,628
"2020-08-02 06:50:00",12719,15318.420383217712,621
"2020-08-02 07:00:00",12706,15315.065445710828,607
"2020-08-02 07:10:00",12735,15312.062988657643,596
"2020-08-02 07:20:00",12728,15308.756503964323,623
"2020-08-02 07:30:00",12674,15305.014432606546,616
"2020-08-02 07:40:00",12708,15301.316484968618,588
"2020-08-02 07:50:00",12723,15297.55548673054,595
"2020-08-02 08:00:00",12837,15294.105047626916,581
"2020-08-02 08:10:00",12845,15289.710556381458,558
"2020-08-02 08:20:00",12975,15285.836313456672,562
"2020-08-02 08:30:00",13233,15282.926804592007,551
"2020-08-02 08:40:00",13392,15280.26461155159,563
"2020-08-02 08:50:00",13467,15277.568164299086,617
"2020-08-02 09:00:00",13606,15275.613568164299,607
"2020-08-02 09:10:00",13681,15273.712249476932,658
"2020-08-02 09:20:00",13713,15271.673673053632,559
"2020-08-02 09:30:00",13725,15269.980157746946,362
"2020-08-02 09:40:00",13834,15268.958484748377,386
"2020-08-02 09:50:00",13918,15267.921725305585,377
"2020-08-02 10:00:00",13931,15266.833911463496,374
"2020-08-02 10:10:00",13954,15266.000399185114,415
"2020-08-02 10:20:00",14049,15265.47600071578,418
"2020-08-02 10:30:00",14169,15265.016593712147,415
"2020-08-02 10:40:00",14276,15264.448794185664,394
"2020-08-02 10:50:00",14369,15263.483977535518,407
"2020-08-02 11:00:00",14430,15262.388751238852,421
"2020-08-02 11:10:00",14539,15261.302547902216,408
"2020-08-02 11:20:00",14636,15260.094572458984,386
"2020-08-02 11:30:00",14781,15259.035527474953,410
"2020-08-02 11:40:00",14961,15257.935738079512,396
"2020-08-02 11:50:00",15151,15256.939475278057,350
"2020-08-02 12:00:00",15265,15255.952180376615,356
"2020-08-02 12:10:00",15420,15254.75344813347,360
"2020-08-02 12:20:00",15669,15253.926205814345,342
"2020-08-02 12:30:00",15843,15253.053772987565,216
"2020-08-02 12:40:00",16037,15252.022065301182,209
"2020-08-02 12:50:00",16278,15251.572135502702,237
"2020-08-02 13:00:00",16485,15250.97492016298,238
"2020-08-02 13:10:00",16691,15250.794502257464,248
"2020-08-02 13:20:00",16968,15250.691120196017,238
"2020-08-02 13:30:00",17305,15250.892454024892,223
"2020-08-02 13:40:00",17582,15251.346279319463,238
"2020-08-02 13:50:00",17723,15251.109514370668,258
"2020-08-02 14:00:00",17849,15250.994087930849,257
"2020-08-02 14:10:00",17834,15249.733537055394,268
"2020-08-02 14:20:00",18164,15249.574668263409,230
"2020-08-02 14:30:00",18256,15248.677575432223,246
"2020-08-02 14:40:00",18477,15248.199331020813,250
"2020-08-02 14:50:00",18635,15247.63639054069,263
"2020-08-02 15:00:00",18746,15247.671945545644,257
"2020-08-02 15:10:00",18902,15248.334868131262,261
"2020-08-02 15:20:00",19128,15249.006910031936,301
"2020-08-02 15:30:00",19180,15249.714458760049,279
"2020-08-02 15:40:00",19267,15250.726379253389,297
"2020-08-02 15:50:00",19333,15252.527867250305,306
"2020-08-02 16:00:00",19306,15254.63245374959,287
"2020-08-02 16:10:00",19313,15257.199936680985,286
"2020-08-02 16:20:00",19348,15260.094097566347,299
"2020-08-02 16:30:00",19372,15263.242573780424,294
"2020-08-02 16:40:00",19376,15266.203295341926,307
"2020-08-02 16:50:00",19418,15270.125089472527,291
"2020-08-02 17:00:00",19402,15274.823897423197,286
"2020-08-02 17:10:00",19439,15279.957183955512,185
"2020-08-02 17:20:00",19516,15285.407244521532,293
"2020-08-02 17:30:00",19644,15291.396659233564,264
"2020-08-02 17:40:00",19806,15297.823298645522,270
"2020-08-02 17:50:00",19870,15304.459689186211,297
"2020-08-02 18:00:00",19821,15311.199723323421,299
"2020-08-02 18:10:00",19769,15318.086636934258,336
"2020-08-02 18:20:00",19873,15325.07624435635,344
"2020-08-02 18:30:00",19964,15331.753227893405,369
"2020-08-02 18:40:00",20049,15338.434313401609,373
"2020-08-02 18:50:00",20026,15344.485643100981,371
"2020-08-02 19:00:00",20109,15350.861847538821,351
"2020-08-02 19:10:00",20185,15357.663679660833,367
"2020-08-02 19:20:00",20143,15363.502601585731,360
"2020-08-02 19:30:00",20245,15369.715511782846,343
"2020-08-02 19:40:00",20259,15375.826340711375,379
"2020-08-02 19:50:00",20188,15381.603781246562,362
"2020-08-02 20:00:00",20089,15387.216516628128,382
"2020-08-02 20:10:00",20037,15393.117553132919,429
"2020-08-02 20:20:00",19901,15398.364332122017,464
"2020-08-02 20:30:00",19712,15403.295018445111,479
"2020-08-02 20:40:00",19565,15407.898489979081,455
"2020-08-02 20:50:00",19472,15412.768293690126,448
"2020-08-02 21:00:00",19235,15416.448580828104,460
"2020-08-02 21:10:00",18836,15419.177926439821,450
"2020-08-02 21:20:00",18605,15421.78800517564,439
"2020-08-02 21:30:00",18535,15425.002154223104,427
"2020-08-02 21:40:00",18176,15427.1128592666,471
"2020-08-02 21:50:00",18014,15429.516222057042,458
"2020-08-02 22:00:00",17748,15431.428091619864,425
"2020-08-02 22:10:00",17481,15433.160878482544,422
"2020-08-02 22:20:00",17370,15435.437307289945,435
"2020-08-02 22:30:00",16929,15436.901655929962,379
"2020-08-02 22:40:00",16693,15438.581991245457,385
"2020-08-02 22:50:00",16569,15440.666997026758,356
"2020-08-02 23:00:00",16297,15442.605632639576,362
"2020-08-02 23:10:00",16223,15445.23324110781,342
"2020-08-02 23:20:00",16020,15447.727466688691,366
"2020-08-02 23:30:00",15886,15450.503131538379,404
"2020-08-02 23:40:00",15729,15452.828371049443,433
"2020-08-02 23:50:00",15546,15454.718017013545,424
"2020-08-03 00:00:00",15393,15457.135702290498,442
"2020-08-03 00:10:00",15182,15459.684168869066,432
"2020-08-03 00:20:00",15075,15462.540950886467,409
"2020-08-03 00:30:00",14965,15465.101847263519,427
"2020-08-03 00:40:00",14912,15468.228278823917,421
"2020-08-03 00:50:00",14807,15470.843092721065,462
"2020-08-03 01:00:00",14778,15473.441051370992,469
"2020-08-03 01:10:00",14635,15475.606665014866,450
"2020-08-03 01:20:00",14591,15477.690370003304,459
"2020-08-03 01:30:00",14467,15479.06121297214,428
"2020-08-03 01:40:00",14445,15480.576953254047,429
"2020-08-03 01:50:00",14350,15481.319816099547,423
"2020-08-03 02:00:00",14350,15482.437782182578,434
"2020-08-03 02:10:00",14216,15482.743668098225,432
"2020-08-03 02:20:00",14106,15482.453274694415,429
"2020-08-03 02:30:00",13958,15481.657058693974,447
"2020-08-03 02:40:00",13766,15479.838164849682,422
"2020-08-03 02:50:00",13650,15477.299058473734,434
"2020-08-03 03:00:00",13499,15474.39222001982,427
"2020-08-03 03:10:00",13421,15471.365570972357,407
"2020-08-03 03:20:00",13287,15467.330607862568,407
"2020-08-03 03:30:00",13150,15463.125282182578,530
"2020-08-03 03:40:00",12976,15458.031115791215,522
"2020-08-03 03:50:00",12777,15451.941732738685,523
"2020-08-03 04:00:00",12593,15445.134222552584,506
"2020-08-03 04:10:00",12420,15438.576856899022,429
"2020-08-03 04:20:00",12201,15431.358963770512,442
"2020-08-03 04:30:00",12005,15423.885991355579,477
"2020-08-03 04:40:00",11899,15416.515327331796,532
"2020-08-03 04:50:00",11722,15408.623685442135,560
"2020-08-03 05:00:00",11494,15400.131944444449,590
"2020-08-03 05:10:00",11336,15391.413927430904,607
"2020-08-03 05:20:00",11199,15382.25430844621,612
"2020-08-03 05:30:00",11043,15372.803676632533,618
"2020-08-03 05:40:00",10958,15363.313917795402,623
"2020-08-03 05:50:00",10830,15353.390905461956,638
"2020-08-03 06:00:00",10710,15343.044447197448,639
"2020-08-03 06:10:00",10536,15332.042437506887,632
"2020-08-03 06:20:00",10401,15320.777640127742,726
"2020-08-03 06:30:00",10236,15308.565404415818,465
"2020-08-03 06:40:00",10152,15296.333429688362,482
"2020-08-03 06:50:00",10048,15283.6085577029,439
"2020-08-03 07:00:00",9987,15270.779470873256,435
"2020-08-03 07:10:00",9932,15257.522285541243,261
"2020-08-03 07:20:00",9864,15243.96077662152,173
"2020-08-03 07:30:00",9764,15230.163741603348,181
"2020-08-03 07:40:00",9783,15216.330662922586,150
"2020-08-03 07:50:00",9756,15202.2821344015,149
"2020-08-03 08:00:00",9769,15187.712084296885,153
"2020-08-03 08:10:00",9787,15173.154126748155,173
"2020-08-03 08:20:00",9855,15158.159818577247,165
"2020-08-03 08:30:00",9929,15142.013111166169,185
"2020-08-03 08:40:00",9949,15124.999628344893,173
"2020-08-03 08:50:00",10000,15108.043490529675,166
"2020-08-03 09:00:00",10074,15090.637890926108,202
"2020-08-03 09:10:00",10117,15072.965725140399,185
"2020-08-03 09:20:00",10173,15055.435545369452,183
"2020-08-03 09:30:00",10222,15038.159949344785,218
"2020-08-03 09:40:00",10265,15020.492078240284,199
"2020-08-03 09:50:00",10403,15003.144236592887,217
"2020-08-03 10:00:00",10437,14985.711939764344,167
"2020-08-03 10:10:00",10525,14968.444093436843,167
"2020-08-03 10:20:00",10555,14950.821282072458,184
"2020-08-03 10:30:00",10731,14933.564544103074,176
"2020-08-03 10:40:00",10823,14916.092968836032,134
"2020-08-03 10:50:00",10926,14898.511390540689,133
"2020-08-03 11:00:00",10988,14881.026614634953,146
"2020-08-03 11:10:00",11102,14863.638627353816,137
"2020-08-03 11:20:00",11234,14846.42539367911,108
"2020-08-03 11:30:00",11409,14829.339699647615,119
"2020-08-03 11:40:00",11587,14812.287440810484,121
"2020-08-03 11:50:00",11819,14795.35413913666,133
"2020-08-03 12:00:00",12036,14778.843113368572,111
"2020-08-03 12:10:00",12259,14762.580628510077,139
"2020-08-03 12:20:00",12422,14745.76407471644,114
"2020-08-03 12:30:00",12602,14728.881696674374,116
"2020-08-03 12:40:00",12864,14712.424230536286,111
"2020-08-03 12:50:00",13027,14695.442262691333,108
"2020-08-03 13:00:00",13239,14678.492236537826,127
"2020-08-03 13:10:00",13377,14661.111372646184,155
"2020-08-03 13:20:00",13570,14643.29117112653,187
"2020-08-03 13:30:00",13795,14624.892047957273,234
"2020-08-03 13:40:00",14070,14606.389756084132,224
"2020-08-03 13:50:00",14193,14587.578205869397,188
"2020-08-03 14:00:00",14363,14569.06585177844,186
"2020-08-03 14:10:00",14471,14551.260048452816,194
"2020-08-03 14:20:00",14604,14532.383486124878,212
"2020-08-03 14:30:00",14729,14513.70149900892,217
"2020-08-03 14:40:00",14858,14494.44157444114,243
"2020-08-03 14:50:00",15086,14475.699950445984,238
"2020-08-03 15:00:00",15259,14457.010124160333,253
"2020-08-03 15:10:00",15315,14437.630561061556,273
"2020-08-03 15:20:00",15464,14417.764480784052,244
"2020-08-03 15:30:00",15539,14397.99772189186,232
"2020-08-03 15:40:00",15649,14378.257839169693,253
"2020-08-03 15:50:00",15764,14358.74049526484,259
"2020-08-03 16:00:00",15822,14339.622536064311,255
"2020-08-03 16:10:00",15838,14320.478388943946,280
"2020-08-03 16:20:00",15776,14300.753998733617,326
"2020-08-03 16:30:00",15886,14281.628957438606,483
"2020-08-03 16:40:00",16090,14263.524673769409,481
"2020-08-03 16:50:00",16225,14245.833663693425,497
"2020-08-03 17:00:00",16361,14229.055135722938,543
"2020-08-03 17:10:00",16392,14212.159130327054,556
"2020-08-03 17:20:00",16499,14195.409309272105,593
"2020-08-03 17:30:00",16638,14178.660018169801,640
"2020-08-03 17:40:00",16796,14161.818281301616,633
"2020-08-03 17:50:00",16947,14145.321110009909,718
"2020-08-03 18:00:00",17049,14129.680486730533,674
"2020-08-03 18:10:00",17127,14114.65568907609,664
"2020-08-03 18:20:00",17172,14099.185559134454,534
"2020-08-03 18:30:00",17169,14083.102095033586,391
"2020-08-03 18:40:00",17307,14067.4203556877,418
"2020-08-03 18:50:00",17395,14052.243530448188,399
"2020-08-03 19:00:00",17458,14037.010736703007,399
"2020-08-03 19:10:00",17392,14020.963550269793,425
"2020-08-03 19:20:00",17495,14005.732277557536,515
"2020-08-03 19:30:00",17498,13989.831179110228,546
"2020-08-03 19:40:00",17432,13973.36954217597,597
"2020-08-03 19:50:00",17464,13957.49452152846,595
"2020-08-03 20:00:00",17436,13941.935290716876,565
"2020-08-03 20:10:00",17299,13925.866307400063,598
"2020-08-03 20:20:00",17330,13910.80864579892,617
"2020-08-03 20:30:00",17272,13896.342975718533,643
"2020-08-03 20:40:00",17096,13881.687121462392,630
"2020-08-03 20:50:00",17010,13867.089341757513,630
"2020-08-03 21:00:00",16901,13853.250894725246,628
"2020-08-03 21:10:00",16677,13840.455132969933,617
"2020-08-03 21:20:00",16573,13828.356437892298,646
"2020-08-03 21:30:00",16395,13815.574041955726,664
"2020-08-03 21:40:00",16120,13803.297840270889,618
"2020-08-03 21:50:00",15940,13790.910472414926,615
"2020-08-03 22:00:00",15732,13778.864683129605,593
"2020-08-03 22:10:00",15487,13765.116190397528,588
"2020-08-03 22:20:00",15204,13750.556718698377,604
"2020-08-03 22:30:00",15129,13738.43439599163,626
"2020-08-03 22:40:00",14894,13726.367608192928,611
"2020-08-03 22:50:00",14757,13714.431119920711,598
"2020-08-03 23:00:00",14658,13703.64254349741,586
"2020-08-03 23:10:00",14597,13693.00754322211,588
"2020-08-03 23:20:00",14532,13683.239779484637,576
"2020-08-03 23:30:00",14439,13673.76258121352,644
"2020-08-03 23:40:00",14306,13664.502167988105,626
"2020-08-03 23:50:00",14244,13656.083498513375,602
"2020-08-04 00:00:00",14179,13648.239517949562,526
"2020-08-04 00:10:00",14111,13641.307372536061,501
"2020-08-04 00:20:00",14075,13634.857408325068,486
"2020-08-04 00:30:00",14040,13628.883603127404,512
"2020-08-04 00:40:00",13961,13622.774102521746,540
"2020-08-04 00:50:00",13889,13616.930128840433,549
"2020-08-04 01:00:00",13936,13611.606747604887,475
"2020-08-04 01:10:00",13804,13606.292120911792,342
"2020-08-04 01:20:00",13856,13601.681615460848,353
"2020-08-04 01:30:00",13808,13597.472896707408,384
"2020-08-04 01:40:00",13632,13592.362542671508,377
"2020-08-04 01:50:00",13684,13588.313842087873,422
"2020-08-04 02:00:00",13690,13584.241149102516,407
"2020-08-04 02:10:00",13561,13580.18405186653,404
"2020-08-04 02:20:00",13439,13576.172200198213,396
"2020-08-04 02:30:00",13429,13573.119287523396,419
"2020-08-04 02:40:00",13303,13570.474644862898,446
"2020-08-04 02:50:00",13198,13568.016187644527,453
"2020-08-04 03:00:00",13047,13565.655572073556,350
"2020-08-04 03:10:00",12765,13562.180376610504,365
"2020-08-04 03:20:00",12596,13558.759559795175,404
"2020-08-04 03:30:00",12426,13555.292767866971,472
"2020-08-04 03:40:00",12261,13552.04018004625,492
"2020-08-04 03:50:00",12107,13549.220019821603,533
"2020-08-04 04:00:00",11948,13546.698291763021,524
"2020-08-04 04:10:00",11732,13544.05832232133,531
"2020-08-04 04:20:00",11509,13541.598096299967,536
"2020-08-04 04:30:00",11390,13539.828432991962,535
"2020-08-04 04:40:00",11310,13538.330188029957,564
"2020-08-04 04:50:00",11179,13537.189957053191,562
"2020-08-04 05:00:00",11068,13536.902447417686,575
"2020-08-04 05:10:00",10851,13536.350374408104,614
"2020-08-04 05:20:00",10723,13536.062995540138,593
"2020-08-04 05:30:00",10522,13535.614084351944,613
"2020-08-04 05:40:00",10415,13535.219269628895,593
"2020-08-04 05:50:00",10310,13535.06739345887,587
"2020-08-04 06:00:00",10099,13534.440604008367,535
"2020-08-04 06:10:00",9928,13534.03339389935,528
"2020-08-04 06:20:00",9758,13533.566877271227,524
"2020-08-04 06:30:00",9741,13534.193040414053,450
"2020-08-04 06:40:00",9673,13534.930218312964,452
"2020-08-04 06:50:00",9682,13536.442145688803,447
"2020-08-04 07:00:00",9654,13538.14884098668,436
"2020-08-04 07:10:00",9634,13540.100319348092,198
"2020-08-04 07:20:00",9595,13542.251342087879,200
"2020-08-04 07:30:00",9546,13544.760943178066,182
"2020-08-04 07:40:00",9595,13547.506682909372,166
"2020-08-04 07:50:00",9606,13550.442930294023,171
"2020-08-04 08:00:00",9618,13553.359844730758,187
"2020-08-04 08:10:00",9596,13556.0078598172,188
"2020-08-04 08:20:00",9587,13558.18378344896,232
"2020-08-04 08:30:00",9613,13560.058363616343,194
"2020-08-04 08:40:00",9783,13562.861902598836,200
"2020-08-04 08:50:00",9800,13565.277048232574,163
"2020-08-04 09:00:00",9843,13567.473956612706,173
"2020-08-04 09:10:00",9924,13569.868819513267,197
"2020-08-04 09:20:00",10046,13572.604558969273,202
"2020-08-04 09:30:00",10104,13575.275492787136,199
"2020-08-04 09:40:00",10196,13578.202641504238,211
"2020-08-04 09:50:00",10232,13580.380574826559,205
"2020-08-04 10:00:00",10168,13581.888482821274,202
"2020-08-04 10:10:00",10286,13583.649790771939,191
"2020-08-04 10:20:00",10387,13585.749710934917,222
"2020-08-04 10:30:00",10503,13587.359046360534,215
"2020-08-04 10:40:00",10512,13588.312734005065,192
"2020-08-04 10:50:00",10708,13589.856169474726,182
"2020-08-04 11:00:00",10849,13591.715078185223,167
"2020-08-04 11:10:00",10982,13593.555775795616,160
"2020-08-04 11:20:00",11119,13595.295527750248,159
"2020-08-04 11:30:00",11357,13597.30810208127,159
"2020-08-04 11:40:00",11487,13598.771232518448,156
"2020-08-04 11:50:00",11645,13599.621324743972,143
"2020-08-04 12:00:00",11800,13599.907478526597,150
"2020-08-04 12:10:00",11997,13599.866768527698,149
"2020-08-04 12:20:00",12118,13599.352308391148,143
"2020-08-04 12:30:00",12361,13599.126527915429,136
"2020-08-04 12:40:00",12587,13598.420472690232,142
"2020-08-04 12:50:00",12783,13597.703295341924,142
"2020-08-04 13:00:00",12988,13596.742498072901,162
"2020-08-04 13:10:00",13180,13595.93037661051,170
"2020-08-04 13:20:00",13442,13595.379728278827,184
"2020-08-04 13:30:00",13633,13594.343478141176,200
"2020-08-04 13:40:00",13786,13592.310462779433,219
"2020-08-04 13:50:00",13982,13590.604228609187,192
"2020-08-04 14:00:00",14197,13588.998472084575,278
"2020-08-04 14:10:00",14369,13587.601090188307,286
"2020-08-04 14:20:00",14545,13586.316835976217,303
"2020-08-04 14:30:00",14662,13584.804261645197,315
"2020-08-04 14:40:00",14924,13584.058143376284,331
"2020-08-04 14:50:00",14957,13581.75681367691,328
"2020-08-04 15:00:00",15070,13579.02167988107,305
"2020-08-04 15:10:00",15124,13576.158627904417,312
"2020-08-04 15:20:00",15286,13573.326127353816,243
"2020-08-04 15:30:00",15316,13570.030200418456,246
"2020-08-04 15:40:00",15418,13566.648008203943,268
"2020-08-04 15:50:00",15501,13562.947472745294,274
"2020-08-04 16:00:00",15532,13558.980247219471,286
"2020-08-04 16:10:00",15563,13555.078859707082,275
"2020-08-04 16:20:00",15626,13551.981768252397,296
"2020-08-04 16:30:00",15670,13548.376830745514,274
"2020-08-04 16:40:00",15809,13544.288239180707,257
"2020-08-04 16:50:00",16010,13540.502271225636,251
"2020-08-04 17:00:00",16109,13536.264831791652,248
"2020-08-04 17:10:00",16150,13531.99325514811,289
"2020-08-04 17:20:00",16236,13527.535926660057,288
"2020-08-04 17:30:00",16348,13522.807262416032,292
"2020-08-04 17:40:00",16402,13517.259993392794,277
"2020-08-04 17:50:00",16568,13511.755368351502,271
"2020-08-04 18:00:00",16579,13505.46409398744,258
"2020-08-04 18:10:00",16593,13498.721134786912,257
"2020-08-04 18:20:00",16605,13491.732779980175,240
"2020-08-04 18:30:00",16712,13485.472717762359,271
"2020-08-04 18:40:00",16752,13478.43325349631,272
"2020-08-04 18:50:00",16920,13471.89160059465,276
"2020-08-04 19:00:00",17023,13465.449730205923,278
"2020-08-04 19:10:00",16958,13458.906618213854,350
"2020-08-04 19:20:00",17006,13452.046064585396,365
"2020-08-04 19:30:00",16953,13444.748100429468,370
"2020-08-04 19:40:00",16900,13437.584186763574,380
"2020-08-04 19:50:00",16866,13430.013049223653,366
"2020-08-04 20:00:00",16855,13422.584028466026,378
"2020-08-04 20:10:00",16773,13415.535692654992,352
"2020-08-04 20:20:00",16660,13407.571295837462,362
"2020-08-04 20:30:00",16607,13399.744081048344,366
"2020-08-04 20:40:00",16471,13392.235815163529,402
"2020-08-04 20:50:00",16412,13385.03993227618,445
"2020-08-04 21:00:00",16333,13378.101386135888,471
"2020-08-04 21:10:00",16076,13371.005285761477,471
"2020-08-04 21:20:00",15949,13363.996531219029,517
"2020-08-04 21:30:00",15799,13357.298920823698,535
"2020-08-04 21:40:00",15540,13350.852659398743,487
"2020-08-04 21:50:00",15377,13344.773042616449,498