"DateTime","Players","Flags","Twitch Viewers"
"2014-08-01 00:00:00",5
"2014-08-02 00:00:00",
"2014-08-03 00:00:00",
"2014-08-04 00:00:00",
"2014-08-05 00:00:00",
"2014-08-06 00:00:00",
"2014-08-07 00:00:00",
"2014-08-08 00:00:00",
"2014-08-09 00:00:00",
"2014-08-10 00:00:00",
"2014-08-11 00:00:00",
"2014-08-12 00:00:00",
"2014-08-13 00:00:00",
"2014-08-14 00:00:00",
"2014-08-15 00:00:00",
"2014-08-16 00:00:00",
"2014-08-17 00:00:00",
"2014-08-18 00:00:00",
"2014-08-19 00:00:00",
"2014-08-20 00:00:00",
"2014-08-21 00:00:00",
"2014-08-22 00:00:00",
"2014-08-23 00:00:00",
"2014-08-24 00:00:00",
"2014-08-25 00:00:00",
"2014-08-26 00:00:00",
"2014-08-27 00:00:00",
"2014-08-28 00:00:00",
"2014-08-29 00:00:00",
"2014-08-30 00:00:00",
"2014-08-31 00:00:00",
"2014-09-01 00:00:00",3
"2014-09-02 00:00:00",
"2014-09-03 00:00:00",
"2014-09-04 00:00:00",
"2014-09-05 00:00:00",
"2014-09-06 00:00:00",
"2014-09-07 00:00:00",
"2014-09-08 00:00:00",
"2014-09-09 00:00:00",
"2014-09-10 00:00:00",
"2014-09-11 00:00:00",
"2014-09-12 00:00:00",
"2014-09-13 00:00:00",
"2014-09-14 00:00:00",
"2014-09-15 00:00:00",
"2014-09-16 00:00:00",
"2014-09-17 00:00:00",
"2014-09-18 00:00:00",
"2014-09-19 00:00:00",
"2014-09-20 00:00:00",
"2014-09-21 00:00:00",
"2014-09-22 00:00:00",
"2014-09-23 00:00:00",
"2014-09-24 00:00:00",
"2014-09-25 00:00:00",
"2014-09-26 00:00:00",
"2014-09-27 00:00:00",
"2014-09-28 00:00:00",
"2014-09-29 00:00:00",
"2014-09-30 00:00:00",
"2014-10-01 00:00:00",
"2014-10-02 00:00:00",
"2014-10-03 00:00:00",
"2014-10-04 00:00:00",
"2014-10-05 00:00:00",
"2014-10-06 00:00:00",
"2014-10-07 00:00:00",
"2014-10-08 00:00:00",
"2014-10-09 00:00:00",
"2014-10-10 00:00:00",
"2014-10-11 00:00:00",
"2014-10-12 00:00:00",
"2014-10-13 00:00:00",
"2014-10-14 00:00:00",
"2014-10-15 00:00:00",
"2014-10-16 00:00:00",
"2014-10-17 00:00:00",
"2014-10-18 00:00:00",
"2014-10-19 00:00:00",
"2014-10-20 00:00:00",
"2014-10-21 00:00:00",
"2014-10-22 00:00:00",
"2014-10-23 00:00:00",
"2014-10-24 00:00:00",
"2014-10-25 00:00:00",
"2014-10-26 00:00:00",
"2014-10-27 00:00:00",
"2014-10-28 00:00:00",
"2014-10-29 00:00:00",
"2014-10-30 00:00:00",
"2014-10-31 00:00:00",
"2014-11-01 00:00:00",
"2014-11-02 00:00:00",
"2014-11-03 00:00:00",
"2014-11-04 00:00:00",
"2014-11-05 00:00:00",
"2014-11-06 00:00:00",
"2014-11-07 00:00:00",
"2014-11-08 00:00:00",
"2014-11-09 00:00:00",
"2014-11-10 00:00:00",
"2014-11-11 00:00:00",
"2014-11-12 00:00:00",
"2014-11-13 00:00:00",
"2014-11-14 00:00:00",
"2014-11-15 00:00:00",
"2014-11-16 00:00:00",
"2014-11-17 00:00:00",
"2014-11-18 00:00:00",
"2014-11-19 00:00:00",
"2014-11-20 00:00:00",
"2014-11-21 00:00:00",
"2014-11-22 00:00:00",
"2014-11-23 00:00:00",
"2014-11-24 00:00:00",
"2014-11-25 00:00:00",
"2014-11-26 00:00:00",
"2014-11-27 00:00:00",
"2014-11-28 00:00:00",
"2014-11-29 00:00:00",
"2014-11-30 00:00:00",
"2014-12-01 00:00:00",
"2014-12-02 00:00:00",
"2014-12-03 00:00:00",
"2014-12-04 00:00:00",
"2014-12-05 00:00:00",
"2014-12-06 00:00:00",
"2014-12-07 00:00:00",
"2014-12-08 00:00:00",
"2014-12-09 00:00:00",
"2014-12-10 00:00:00",
"2014-12-11 00:00:00",
"2014-12-12 00:00:00",
"2014-12-13 00:00:00",
"2014-12-14 00:00:00",
"2014-12-15 00:00:00",
"2014-12-16 00:00:00",
"2014-12-17 00:00:00",
"2014-12-18 00:00:00",
"2014-12-19 00:00:00",
"2014-12-20 00:00:00",
"2014-12-21 00:00:00",
"2014-12-22 00:00:00",
"2014-12-23 00:00:00",
"2014-12-24 00:00:00",
"2014-12-25 00:00:00",
"2014-12-26 00:00:00",
"2014-12-27 00:00:00",
"2014-12-28 00:00:00",
"2014-12-29 00:00:00",
"2014-12-30 00:00:00",
"2014-12-31 00:00:00",
"2015-01-01 00:00:00",
"2015-01-02 00:00:00",
"2015-01-03 00:00:00",
"2015-01-04 00:00:00",
"2015-01-05 00:00:00",
"2015-01-06 00:00:00",
"2015-01-07 00:00:00",
"2015-01-08 00:00:00",
"2015-01-09 00:00:00",
"2015-01-10 00:00:00",
"2015-01-11 00:00:00",
"2015-01-12 00:00:00",
"2015-01-13 00:00:00",
"2015-01-14 00:00:00",
"2015-01-15 00:00:00",
"2015-01-16 00:00:00",
"2015-01-17 00:00:00",
"2015-01-18 00:00:00",
"2015-01-19 00:00:00",
"2015-01-20 00:00:00",
"2015-01-21 00:00:00",
"2015-01-22 00:00:00",
"2015-01-23 00:00:00",
"2015-01-24 00:00:00",
"2015-01-25 00:00:00",
"2015-01-26 00:00:00",
"2015-01-27 00:00:00",
"2015-01-28 00:00:00",
"2015-01-29 00:00:00",
"2015-01-30 00:00:00",
"2015-01-31 00:00:00",
"2015-02-01 00:00:00",
"2015-02-02 00:00:00",
"2015-02-03 00:00:00",
"2015-02-04 00:00:00",
"2015-02-05 00:00:00",
"2015-02-06 00:00:00",
"2015-02-07 00:00:00",
"2015-02-08 00:00:00",
"2015-02-09 00:00:00",
"2015-02-10 00:00:00",
"2015-02-11 00:00:00",
"2015-02-12 00:00:00",
"2015-02-13 00:00:00",
"2015-02-14 00:00:00",
"2015-02-15 00:00:00",
"2015-02-16 00:00:00",
"2015-02-17 00:00:00",
"2015-02-18 00:00:00",
"2015-02-19 00:00:00",
"2015-02-20 00:00:00",
"2015-02-21 00:00:00",
"2015-02-22 00:00:00",
"2015-02-23 00:00:00",
"2015-02-24 00:00:00",
"2015-02-25 00:00:00",
"2015-02-26 00:00:00",
"2015-02-27 00:00:00",
"2015-02-28 00:00:00",
"2015-03-01 00:00:00",57421
"2015-03-02 00:00:00",
"2015-03-03 00:00:00",
"2015-03-04 00:00:00",
"2015-03-05 00:00:00",
"2015-03-06 00:00:00",
"2015-03-07 00:00:00",
"2015-03-08 00:00:00",
"2015-03-09 00:00:00",
"2015-03-10 00:00:00",,
"2015-03-11 00:00:00",
"2015-03-12 00:00:00",
"2015-03-13 00:00:00",
"2015-03-14 00:00:00",
"2015-03-15 00:00:00",
"2015-03-16 00:00:00",
"2015-03-17 00:00:00",
"2015-03-18 00:00:00",
"2015-03-19 00:00:00",
"2015-03-20 00:00:00",
"2015-03-21 00:00:00",
"2015-03-22 00:00:00",
"2015-03-23 00:00:00",
"2015-03-24 00:00:00",
"2015-03-25 00:00:00",
"2015-03-26 00:00:00",
"2015-03-27 00:00:00",
"2015-03-28 00:00:00",
"2015-03-29 00:00:00",
"2015-03-30 00:00:00",
"2015-03-31 00:00:00",
"2015-04-01 00:00:00",26873
"2015-04-02 00:00:00",
"2015-04-03 00:00:00",
"2015-04-04 00:00:00",
"2015-04-05 00:00:00",
"2015-04-06 00:00:00",
"2015-04-07 00:00:00",
"2015-04-08 00:00:00",
"2015-04-09 00:00:00",
"2015-04-10 00:00:00",
"2015-04-11 00:00:00",
"2015-04-12 00:00:00",
"2015-04-13 00:00:00",
"2015-04-14 00:00:00",
"2015-04-15 00:00:00",
"2015-04-16 00:00:00",
"2015-04-17 00:00:00",
"2015-04-18 00:00:00",
"2015-04-19 00:00:00",17867
"2015-04-20 00:00:00",13644
"2015-04-21 00:00:00",12759
"2015-04-22 00:00:00",12371
"2015-04-23 00:00:00",12317
"2015-04-24 00:00:00",12632
"2015-04-25 00:00:00",15933
"2015-04-26 00:00:00",17179
"2015-04-27 00:00:00",12514
"2015-04-28 00:00:00",11401
"2015-04-29 00:00:00",11129
"2015-04-30 00:00:00",11048
"2015-05-01 00:00:00",12553
"2015-05-02 00:00:00",13715
"2015-05-03 00:00:00",14808
"2015-05-04 00:00:00",11506
"2015-05-05 00:00:00",11008
"2015-05-06 00:00:00",10462
"2015-05-07 00:00:00",9744
"2015-05-08 00:00:00",10100
"2015-05-09 00:00:00",12221
"2015-05-10 00:00:00",12595
"2015-05-11 00:00:00",9546
"2015-05-12 00:00:00",9012
"2015-05-13 00:00:00",9087
"2015-05-14 00:00:00",9713
"2015-05-15 00:00:00",9104
"2015-05-16 00:00:00",10657
"2015-05-17 00:00:00",11714
"2015-05-18 00:00:00",8831
"2015-05-19 00:00:00",10198
"2015-05-20 00:00:00",10817
"2015-05-21 00:00:00",10918
"2015-05-22 00:00:00",11128
"2015-05-23 00:00:00",13316
"2015-05-24 00:00:00",13939
"2015-05-25 00:00:00",14002
"2015-05-26 00:00:00",10983
"2015-05-27 00:00:00",10199
"2015-05-28 00:00:00",9784
"2015-05-29 00:00:00",9588
"2015-05-30 00:00:00",11278
"2015-05-31 00:00:00",12343
"2015-06-01 00:00:00",9335
"2015-06-02 00:00:00",8829
"2015-06-03 00:00:00",8368
"2015-06-04 00:00:00",8099
"2015-06-05 00:00:00",8088
"2015-06-06 00:00:00",9261
"2015-06-07 00:00:00",10256
"2015-06-08 00:00:00",8151
"2015-06-09 00:00:00",8322
"2015-06-10 00:00:00",7709
"2015-06-11 00:00:00",7275
"2015-06-12 00:00:00",7491
"2015-06-13 00:00:00",10394
"2015-06-14 00:00:00",14172
"2015-06-15 00:00:00",11904
"2015-06-16 00:00:00",10536
"2015-06-17 00:00:00",9737
"2015-06-18 00:00:00",9117
"2015-06-19 00:00:00",8753
"2015-06-20 00:00:00",10255
"2015-06-21 00:00:00",12205
"2015-06-22 00:00:00",10703
"2015-06-23 00:00:00",9335
"2015-06-24 00:00:00",8866
"2015-06-25 00:00:00",8130
"2015-06-26 00:00:00",7834
"2015-06-27 00:00:00",9184
"2015-06-28 00:00:00",10135
"2015-06-29 00:00:00",8098
"2015-06-30 00:00:00",7314
"2015-07-01 00:00:00",7162
"2015-07-02 00:00:00",6967
"2015-07-03 00:00:00",7348
"2015-07-04 00:00:00",7674
"2015-07-05 00:00:00",8670
"2015-07-06 00:00:00",7325
"2015-07-07 00:00:00",7442
"2015-07-08 00:00:00",7287
"2015-07-09 00:00:00",7276
"2015-07-10 00:00:00",6785
"2015-07-11 00:00:00",7501
"2015-07-12 00:00:00",8784
"2015-07-13 00:00:00",7416
"2015-07-14 00:00:00",6929
"2015-07-15 00:00:00",6513
"2015-07-16 00:00:00",6245
"2015-07-17 00:00:00",6120
"2015-07-18 00:00:00",7323
"2015-07-19 00:00:00",8341
"2015-07-20 00:00:00",6714
"2015-07-21 00:00:00",6375
"2015-07-22 00:00:00",6271
"2015-07-23 00:00:00",6215
"2015-07-24 00:00:00",6089
"2015-07-25 00:00:00",7430
"2015-07-26 00:00:00",8152
"2015-07-27 00:00:00",6888
"2015-07-28 00:00:00",6487
"2015-07-29 00:00:00",6097
"2015-07-30 00:00:00",6019
"2015-07-31 00:00:00",6838
"2015-08-01 00:00:00",8159
"2015-08-02 00:00:00",9830
"2015-08-03 00:00:00",8174
"2015-08-04 00:00:00",7510
"2015-08-05 00:00:00",6933
"2015-08-06 00:00:00",6532
"2015-08-07 00:00:00",6693
"2015-08-08 00:00:00",7925
"2015-08-09 00:00:00",8775
"2015-08-10 00:00:00",7295
"2015-08-11 00:00:00",7046
"2015-08-12 00:00:00",6636
"2015-08-13 00:00:00",6569
"2015-08-14 00:00:00",6171
"2015-08-15 00:00:00",7685
"2015-08-16 00:00:00",8640
"2015-08-17 00:00:00",6835
"2015-08-18 00:00:00",6490
"2015-08-19 00:00:00",6163
"2015-08-20 00:00:00",5980
"2015-08-21 00:00:00",6020
"2015-08-22 00:00:00",6926
"2015-08-23 00:00:00",8120
"2015-08-24 00:00:00",6666
"2015-08-25 00:00:00",6261
"2015-08-26 00:00:00",5836
"2015-08-27 00:00:00",5817
"2015-08-28 00:00:00",5503
"2015-08-29 00:00:00",6691
"2015-08-30 00:00:00",7399
"2015-08-31 00:00:00",5933
"2015-09-01 00:00:00",5652
"2015-09-02 00:00:00",5350
"2015-09-03 00:00:00",5407
"2015-09-04 00:00:00",5637
"2015-09-05 00:00:00",7098
"2015-09-06 00:00:00",7972
"2015-09-07 00:00:00",7349
"2015-09-08 00:00:00",5980
"2015-09-09 00:00:00",5412
"2015-09-10 00:00:00",5332
"2015-09-11 00:00:00",5657
"2015-09-12 00:00:00",7215
"2015-09-13 00:00:00",7763
"2015-09-14 00:00:00",6155
"2015-09-15 00:00:00",5724
"2015-09-16 00:00:00",5699
"2015-09-17 00:00:00",5658
"2015-09-18 00:00:00",5883
"2015-09-19 00:00:00",7321
"2015-09-20 00:00:00",7994
"2015-09-21 00:00:00",6256
"2015-09-22 00:00:00",6342
"2015-09-23 00:00:00",6331
"2015-09-24 00:00:00",12234
"2015-09-25 00:00:00",12700
"2015-09-26 00:00:00",15021
"2015-09-27 00:00:00",16214
"2015-09-28 00:00:00",11996
"2015-09-29 00:00:00",11285
"2015-09-30 00:00:00",10419
"2015-10-01 00:00:00",10619
"2015-10-02 00:00:00",12523
"2015-10-03 00:00:00",16286
"2015-10-04 00:00:00",18421
"2015-10-05 00:00:00",13981
"2015-10-06 00:00:00",11740
"2015-10-07 00:00:00",10549
"2015-10-08 00:00:00",9506
"2015-10-09 00:00:00",9767
"2015-10-10 00:00:00",11714
"2015-10-11 00:00:00",12215
"2015-10-12 00:00:00",9559
"2015-10-13 00:00:00",8323
"2015-10-14 00:00:00",7958
"2015-10-15 00:00:00",7533
"2015-10-16 00:00:00",8135
"2015-10-17 00:00:00",9858
"2015-10-18 00:00:00",10659
"2015-10-19 00:00:00",7879
"2015-10-20 00:00:00",7083
"2015-10-21 00:00:00",6862
"2015-10-22 00:00:00",6783
"2015-10-23 00:00:00",7123
"2015-10-24 00:00:00",9135
"2015-10-25 00:00:00",9756
"2015-10-26 00:00:00",7008
"2015-10-27 00:00:00",6662
"2015-10-28 00:00:00",6375
"2015-10-29 00:00:00",6534
"2015-10-30 00:00:00",7595
"2015-10-31 00:00:00",10028
"2015-11-01 00:00:00",11289
"2015-11-02 00:00:00",8954
"2015-11-03 00:00:00",7793
"2015-11-04 00:00:00",7404
"2015-11-05 00:00:00",7131
"2015-11-06 00:00:00",7778
"2015-11-07 00:00:00",9605
"2015-11-08 00:00:00",9877
"2015-11-09 00:00:00",7194
"2015-11-10 00:00:00",6361
"2015-11-11 00:00:00",7099
"2015-11-12 00:00:00",6558
"2015-11-13 00:00:00",6678
"2015-11-14 00:00:00",8030
"2015-11-15 00:00:00",8336
"2015-11-16 00:00:00",5923
"2015-11-17 00:00:00",5718
"2015-11-18 00:00:00",5426
"2015-11-19 00:00:00",5393
"2015-11-20 00:00:00",5787
"2015-11-21 00:00:00",7214
"2015-11-22 00:00:00",7791
"2015-11-23 00:00:00",5685
"2015-11-24 00:00:00",5427
"2015-11-25 00:00:00",5731
"2015-11-26 00:00:00",6809
"2015-11-27 00:00:00",7360
"2015-11-28 00:00:00",8222
"2015-11-29 00:00:00",8703
"2015-11-30 00:00:00",6580
"2015-12-01 00:00:00",6302
"2015-12-02 00:00:00",6019
"2015-12-03 00:00:00",5824
"2015-12-04 00:00:00",6115
"2015-12-05 00:00:00",7238
"2015-12-06 00:00:00",7653
"2015-12-07 00:00:00",5791
"2015-12-08 00:00:00",5731
"2015-12-09 00:00:00",5493
"2015-12-10 00:00:00",5414
"2015-12-11 00:00:00",5788
"2015-12-12 00:00:00",7062
"2015-12-13 00:00:00",7655
"2015-12-14 00:00:00",5742
"2015-12-15 00:00:00",5583
"2015-12-16 00:00:00",5421
"2015-12-17 00:00:00",5288
"2015-12-18 00:00:00",5560
"2015-12-19 00:00:00",6967
"2015-12-20 00:00:00",7594
"2015-12-21 00:00:00",6571
"2015-12-22 00:00:00",6882
"2015-12-23 00:00:00",7897
"2015-12-24 00:00:00",7465
"2015-12-25 00:00:00",8994
"2015-12-26 00:00:00",10449
"2015-12-27 00:00:00",11382
"2015-12-28 00:00:00",11060
"2015-12-29 00:00:00",11478
"2015-12-30 00:00:00",12170
"2015-12-31 00:00:00",10973
"2016-01-01 00:00:00",13388
"2016-01-02 00:00:00",13400
"2016-01-03 00:00:00",14049
"2016-01-04 00:00:00",11689
"2016-01-05 00:00:00",10202
"2016-01-06 00:00:00",9475
"2016-01-07 00:00:00",9286
"2016-01-08 00:00:00",9304
"2016-01-09 00:00:00",11088
"2016-01-10 00:00:00",11227
"2016-01-11 00:00:00",8406
"2016-01-12 00:00:00",7782
"2016-01-13 00:00:00",7369
"2016-01-14 00:00:00",7327
"2016-01-15 00:00:00",7876
"2016-01-16 00:00:00",10128
"2016-01-17 00:00:00",10228
"2016-01-18 00:00:00",8593
"2016-01-19 00:00:00",7592
"2016-01-20 00:00:00",7566
"2016-01-21 00:00:00",7552
"2016-01-22 00:00:00",8543
"2016-01-23 00:00:00",10535
"2016-01-24 00:00:00",11002
"2016-01-25 00:00:00",7910
"2016-01-26 00:00:00",7727
"2016-01-27 00:00:00",7541
"2016-01-28 00:00:00",7572
"2016-01-29 00:00:00",7845
"2016-01-30 00:00:00",9918
"2016-01-31 00:00:00",10320
"2016-02-01 00:00:00",7808
"2016-02-02 00:00:00",7449
"2016-02-03 00:00:00",7185
"2016-02-04 00:00:00",7294
"2016-02-05 00:00:00",7685
"2016-02-06 00:00:00",10433
"2016-02-07 00:00:00",11628
"2016-02-08 00:00:00",9445
"2016-02-09 00:00:00",9623
"2016-02-10 00:00:00",9211
"2016-02-11 00:00:00",9102
"2016-02-12 00:00:00",9666
"2016-02-13 00:00:00",11807
"2016-02-14 00:00:00",11976
"2016-02-15 00:00:00",9991
"2016-02-16 00:00:00",8572
"2016-02-17 00:00:00",8712
"2016-02-18 00:00:00",12262
"2016-02-19 00:00:00",17829
"2016-02-20 00:00:00",24497
"2016-02-21 00:00:00",27697
"2016-02-22 00:00:00",18898
"2016-02-23 00:00:00",15975
"2016-02-24 00:00:00",14726
"2016-02-25 00:00:00",13384
"2016-02-26 00:00:00",13343
"2016-02-27 00:00:00",16321
"2016-02-28 00:00:00",16301
"2016-02-29 00:00:00",11530
"2016-03-01 00:00:00",10262
"2016-03-02 00:00:00",9624
"2016-03-03 00:00:00",9563
"2016-03-04 00:00:00",10189
"2016-03-05 00:00:00",12799
"2016-03-06 00:00:00",13358
"2016-03-07 00:00:00",9433
"2016-03-08 00:00:00",8704
"2016-03-09 00:00:00",8158
"2016-03-10 00:00:00",8103
"2016-03-11 00:00:00",8846
"2016-03-12 00:00:00",11052
"2016-03-13 00:00:00",11597
"2016-03-14 00:00:00",8560
"2016-03-15 00:00:00",8097
"2016-03-16 00:00:00",7783
"2016-03-17 00:00:00",7658
"2016-03-18 00:00:00",8301
"2016-03-19 00:00:00",10490
"2016-03-20 00:00:00",11068
"2016-03-21 00:00:00",8288
"2016-03-22 00:00:00",8893
"2016-03-23 00:00:00",8952
"2016-03-24 00:00:00",8920
"2016-03-25 00:00:00",10667
"2016-03-26 00:00:00",10963
"2016-03-27 00:00:00",11370
"2016-03-28 00:00:00",10644
"2016-03-29 00:00:00",8725
"2016-03-30 00:00:00",8386
"2016-03-31 00:00:00",8016
"2016-04-01 00:00:00",8153
"2016-04-02 00:00:00",9949
"2016-04-03 00:00:00",10586
"2016-04-04 00:00:00",7894
"2016-04-05 00:00:00",7340
"2016-04-06 00:00:00",7133
"2016-04-07 00:00:00",7178
"2016-04-08 00:00:00",7550
"2016-04-09 00:00:00",9805
"2016-04-10 00:00:00",10259
"2016-04-11 00:00:00",7292
"2016-04-12 00:00:00",6770
"2016-04-13 00:00:00",6684
"2016-04-14 00:00:00",6894
"2016-04-15 00:00:00",7350
"2016-04-16 00:00:00",9482
"2016-04-17 00:00:00",10024
"2016-04-18 00:00:00",7678
"2016-04-19 00:00:00",7060
"2016-04-20 00:00:00",6826
"2016-04-21 00:00:00",6822
"2016-04-22 00:00:00",7063
"2016-04-23 00:00:00",9368
"2016-04-24 00:00:00",10168
"2016-04-25 00:00:00",7042
"2016-04-26 00:00:00",6873
"2016-04-27 00:00:00",6720
"2016-04-28 00:00:00",6790
"2016-04-29 00:00:00",7168
"2016-04-30 00:00:00",8879
"2016-05-01 00:00:00",9896
"2016-05-02 00:00:00",7266
"2016-05-03 00:00:00",6852
"2016-05-04 00:00:00",6778
"2016-05-05 00:00:00",6652
"2016-05-06 00:00:00",6487
"2016-05-07 00:00:00",7682
"2016-05-08 00:00:00",8223
"2016-05-09 00:00:00",6050
"2016-05-10 00:00:00",6165
"2016-05-11 00:00:00",5875
"2016-05-12 00:00:00",5945
"2016-05-13 00:00:00",6472
"2016-05-14 00:00:00",8232
"2016-05-15 00:00:00",9173
"2016-05-16 00:00:00",7474
"2016-05-17 00:00:00",6585
"2016-05-18 00:00:00",6108
"2016-05-19 00:00:00",6134
"2016-05-20 00:00:00",6489
"2016-05-21 00:00:00",7903
"2016-05-22 00:00:00",8533
"2016-05-23 00:00:00",6652
"2016-05-24 00:00:00",6143
"2016-05-25 00:00:00",6010
"2016-05-26 00:00:00",6321
"2016-05-27 00:00:00",6367
"2016-05-28 00:00:00",7282
"2016-05-29 00:00:00",7968
"2016-05-30 00:00:00",7278
"2016-05-31 00:00:00",5895
"2016-06-01 00:00:00",5961
"2016-06-02 00:00:00",6552,
"2016-06-03 00:00:00",9000
"2016-06-04 00:00:00",12351
"2016-06-05 00:00:00",15215
"2016-06-06 00:00:00",11792
"2016-06-07 00:00:00",10071
"2016-06-08 00:00:00",9297
"2016-06-09 00:00:00",8748
"2016-06-10 00:00:00",8960
"2016-06-11 00:00:00",11168
"2016-06-12 00:00:00",11981
"2016-06-13 00:00:00",8547
"2016-06-14 00:00:00",8428
"2016-06-15 00:00:00",7895
"2016-06-16 00:00:00",7268
"2016-06-17 00:00:00",7832
"2016-06-18 00:00:00",9416
"2016-06-19 00:00:00",9863
"2016-06-20 00:00:00",7563
"2016-06-21 00:00:00",7149
"2016-06-22 00:00:00",6705
"2016-06-23 00:00:00",6218
"2016-06-24 00:00:00",7076
"2016-06-25 00:00:00",8961
"2016-06-26 00:00:00",9883
"2016-06-27 00:00:00",7973
"2016-06-28 00:00:00",7668
"2016-06-29 00:00:00",7593
"2016-06-30 00:00:00",7388
"2016-07-01 00:00:00",8158
"2016-07-02 00:00:00",9647
"2016-07-03 00:00:00",10000
"2016-07-04 00:00:00",9587
"2016-07-05 00:00:00",7867
"2016-07-06 00:00:00",7401
"2016-07-07 00:00:00",7087
"2016-07-08 00:00:00",7088
"2016-07-09 00:00:00",8072
"2016-07-10 00:00:00",8646
"2016-07-11 00:00:00",7347
"2016-07-12 00:00:00",6904
"2016-07-13 00:00:00",6769
"2016-07-14 00:00:00",6516
"2016-07-15 00:00:00",6389
"2016-07-16 00:00:00",7342
"2016-07-17 00:00:00",8105
"2016-07-18 00:00:00",6441
"2016-07-19 00:00:00",5783
"2016-07-20 00:00:00",5592
"2016-07-21 00:00:00",5725
"2016-07-22 00:00:00",5794
"2016-07-23 00:00:00",6741
"2016-07-24 00:00:00",7201
"2016-07-25 00:00:00",6130
"2016-07-26 00:00:00",5900
"2016-07-27 00:00:00",5748
"2016-07-28 00:00:00",6007
"2016-07-29 00:00:00",5843
"2016-07-30 00:00:00",6939
"2016-07-31 00:00:00",7818
"2016-08-01 00:00:00",6460
"2016-08-02 00:00:00",6397
"2016-08-03 00:00:00",6055
"2016-08-04 00:00:00",5894
"2016-08-05 00:00:00",5897
"2016-08-06 00:00:00",6818
"2016-08-07 00:00:00",7436
"2016-08-08 00:00:00",6369
"2016-08-09 00:00:00",6174
"2016-08-10 00:00:00",6132
"2016-08-11 00:00:00",6109
"2016-08-12 00:00:00",5962
"2016-08-13 00:00:00",6666
"2016-08-14 00:00:00",7375
"2016-08-15 00:00:00",6208
"2016-08-16 00:00:00",6006
"2016-08-17 00:00:00",6020
"2016-08-18 00:00:00",6325
"2016-08-19 00:00:00",6495
"2016-08-20 00:00:00",7893
"2016-08-21 00:00:00",8838
"2016-08-22 00:00:00",7415
"2016-08-23 00:00:00",6628
"2016-08-24 00:00:00",6547
"2016-08-25 00:00:00",6407
"2016-08-26 00:00:00",6519
"2016-08-27 00:00:00",7573
"2016-08-28 00:00:00",8689
"2016-08-29 00:00:00",7228
"2016-08-30 00:00:00",6519
"2016-08-31 00:00:00",6217
"2016-09-01 00:00:00",6889
"2016-09-02 00:00:00",9579
"2016-09-03 00:00:00",13264
"2016-09-04 00:00:00",15818
"2016-09-05 00:00:00",14655
"2016-09-06 00:00:00",10523
"2016-09-07 00:00:00",9195
"2016-09-08 00:00:00",8673
"2016-09-09 00:00:00",8572
"2016-09-10 00:00:00",10611
"2016-09-11 00:00:00",11817
"2016-09-12 00:00:00",8258
"2016-09-13 00:00:00",7583
"2016-09-14 00:00:00",7084
"2016-09-15 00:00:00",7340
"2016-09-16 00:00:00",7943
"2016-09-17 00:00:00",10346
"2016-09-18 00:00:00",10988
"2016-09-19 00:00:00",8038
"2016-09-20 00:00:00",7535
"2016-09-21 00:00:00",7321
"2016-09-22 00:00:00",7370
"2016-09-23 00:00:00",7806
"2016-09-24 00:00:00",9919
"2016-09-25 00:00:00",10710
"2016-09-26 00:00:00",7831
"2016-09-27 00:00:00",7373
"2016-09-28 00:00:00",7175
"2016-09-29 00:00:00",7179
"2016-09-30 00:00:00",8789
"2016-10-01 00:00:00",12043
"2016-10-02 00:00:00",13369
"2016-10-03 00:00:00",10656
"2016-10-04 00:00:00",9209
"2016-10-05 00:00:00",8433
"2016-10-06 00:00:00",8168
"2016-10-07 00:00:00",8449
"2016-10-08 00:00:00",10586
"2016-10-09 00:00:00",11252
"2016-10-10 00:00:00",8715
"2016-10-11 00:00:00",7427
"2016-10-12 00:00:00",7486
"2016-10-13 00:00:00",7289
"2016-10-14 00:00:00",7563
"2016-10-15 00:00:00",9674
"2016-10-16 00:00:00",10202
"2016-10-17 00:00:00",7310
"2016-10-18 00:00:00",7195
"2016-10-19 00:00:00",7110
"2016-10-20 00:00:00",7030
"2016-10-21 00:00:00",7080
"2016-10-22 00:00:00",8821
"2016-10-23 00:00:00",9252
"2016-10-24 00:00:00",6748
"2016-10-25 00:00:00",6172
"2016-10-26 00:00:00",6149
"2016-10-27 00:00:00",6182
"2016-10-28 00:00:00",6695
"2016-10-29 00:00:00",9240
"2016-10-30 00:00:00",10407
"2016-10-31 00:00:00",7707
"2016-11-01 00:00:00",8410
"2016-11-02 00:00:00",7620
"2016-11-03 00:00:00",7030
"2016-11-04 00:00:00",7430
"2016-11-05 00:00:00",9381
"2016-11-06 00:00:00",9788
"2016-11-07 00:00:00",6803
"2016-11-08 00:00:00",6476
"2016-11-09 00:00:00",5967
"2016-11-10 00:00:00",6144
"2016-11-11 00:00:00",6946
"2016-11-12 00:00:00",8607
"2016-11-13 00:00:00",8798
"2016-11-14 00:00:00",6526
"2016-11-15 00:00:00",6089
"2016-11-16 00:00:00",6130
"2016-11-17 00:00:00",5947
"2016-11-18 00:00:00",6621
"2016-11-19 00:00:00",8400
"2016-11-20 00:00:00",8879
"2016-11-21 00:00:00",6717
"2016-11-22 00:00:00",6577
"2016-11-23 00:00:00",7223
"2016-11-24 00:00:00",9541
"2016-11-25 00:00:00",10951
"2016-11-26 00:00:00",12621
"2016-11-27 00:00:00",13493
"2016-11-28 00:00:00",10208
"2016-11-29 00:00:00",10194
"2016-11-30 00:00:00",13362,
"2016-12-01 00:00:00",14142
"2016-12-02 00:00:00",15193
"2016-12-03 00:00:00",16792
"2016-12-04 00:00:00",16259
"2016-12-05 00:00:00",12033
"2016-12-06 00:00:00",10809
"2016-12-07 00:00:00",10018
"2016-12-08 00:00:00",9751
"2016-12-09 00:00:00",10147
"2016-12-10 00:00:00",12258
"2016-12-11 00:00:00",12629
"2016-12-12 00:00:00",9619
"2016-12-13 00:00:00",9115
"2016-12-14 00:00:00",8491
"2016-12-15 00:00:00",8506
"2016-12-16 00:00:00",8731
"2016-12-17 00:00:00",10808
"2016-12-18 00:00:00",11290
"2016-12-19 00:00:00",8918
"2016-12-20 00:00:00",8870
"2016-12-21 00:00:00",8677
"2016-12-22 00:00:00",9246
"2016-12-23 00:00:00",10170
"2016-12-24 00:00:00",11141
"2016-12-25 00:00:00",11571
"2016-12-26 00:00:00",13022
"2016-12-27 00:00:00",12676
"2016-12-28 00:00:00",12501
"2016-12-29 00:00:00",12446
"2016-12-30 00:00:00",12421
"2016-12-31 00:00:00",12332
"2017-01-01 00:00:00",13697
"2017-01-02 00:00:00",14174
"2017-01-03 00:00:00",11492
"2017-01-04 00:00:00",10347
"2017-01-05 00:00:00",9861
"2017-01-06 00:00:00",9900
"2017-01-07 00:00:00",12084
"2017-01-08 00:00:00",12016
"2017-01-09 00:00:00",8399
"2017-01-10 00:00:00",8055
"2017-01-11 00:00:00",7553
"2017-01-12 00:00:00",7736
"2017-01-13 00:00:00",8377
"2017-01-14 00:00:00",10587
"2017-01-15 00:00:00",10983
"2017-01-16 00:00:00",8806
"2017-01-17 00:00:00",7461
"2017-01-18 00:00:00",7372
"2017-01-19 00:00:00",7115
"2017-01-20 00:00:00",7572
"2017-01-21 00:00:00",9919
"2017-01-22 00:00:00",10552
"2017-01-23 00:00:00",7649
"2017-01-24 00:00:00",7375
"2017-01-25 00:00:00",6903
"2017-01-26 00:00:00",7039
"2017-01-27 00:00:00",7426
"2017-01-28 00:00:00",9802
"2017-01-29 00:00:00",10402
"2017-01-30 00:00:00",7536
"2017-01-31 00:00:00",7071
"2017-02-01 00:00:00",7016
"2017-02-02 00:00:00",7061
"2017-02-03 00:00:00",7272
"2017-02-04 00:00:00",9699
"2017-02-05 00:00:00",10120
"2017-02-06 00:00:00",7059
"2017-02-07 00:00:00",7270
"2017-02-08 00:00:00",9366
"2017-02-09 00:00:00",10511
"2017-02-10 00:00:00",11590
"2017-02-11 00:00:00",13521
"2017-02-12 00:00:00",12909
"2017-02-13 00:00:00",8951
"2017-02-14 00:00:00",7746
"2017-02-15 00:00:00",7853
"2017-02-16 00:00:00",7644
"2017-02-17 00:00:00",8190
"2017-02-18 00:00:00",10571
"2017-02-19 00:00:00",10928
"2017-02-20 00:00:00",8773
"2017-02-21 00:00:00",7697
"2017-02-22 00:00:00",7451
"2017-02-23 00:00:00",7406
"2017-02-24 00:00:00",7697
"2017-02-25 00:00:00",9794
"2017-02-26 00:00:00",10653
"2017-02-27 00:00:00",7795
"2017-02-28 00:00:00",7834
"2017-03-01 00:00:00",7486
"2017-03-02 00:00:00",7454
"2017-03-03 00:00:00",8086
"2017-03-04 00:00:00",10454
"2017-03-05 00:00:00",11277
"2017-03-06 00:00:00",7723
"2017-03-07 00:00:00",7386
"2017-03-08 00:00:00",7186
"2017-03-09 00:00:00",7180
"2017-03-10 00:00:00",7939
"2017-03-11 00:00:00",10331
"2017-03-12 00:00:00",11006
"2017-03-13 00:00:00",7949
"2017-03-14 00:00:00",8094
"2017-03-15 00:00:00",7443
"2017-03-16 00:00:00",7014
"2017-03-17 00:00:00",7962
"2017-03-18 00:00:00",10095
"2017-03-19 00:00:00",10900
"2017-03-20 00:00:00",7778
"2017-03-21 00:00:00",5179
"2017-03-22 00:00:00",3237
"2017-03-23 00:00:00",7285
"2017-03-24 00:00:00",7715
"2017-03-25 00:00:00",9623
"2017-03-26 00:00:00",10402
"2017-03-27 00:00:00",7604
"2017-03-28 00:00:00",7133
"2017-03-29 00:00:00",7144
"2017-03-30 00:00:00",6910
"2017-03-31 00:00:00",7198
"2017-04-01 00:00:00",9123
"2017-04-02 00:00:00",9799
"2017-04-03 00:00:00",7167
"2017-04-04 00:00:00",6877
"2017-04-05 00:00:00",6737
"2017-04-06 00:00:00",6970
"2017-04-07 00:00:00",8600
"2017-04-08 00:00:00",11886
"2017-04-09 00:00:00",12634
"2017-04-10 00:00:00",10497
"2017-04-11 00:00:00",9352
"2017-04-12 00:00:00",8611
"2017-04-13 00:00:00",8739
"2017-04-14 00:00:00",10772
"2017-04-15 00:00:00",11254
"2017-04-16 00:00:00",11073
"2017-04-17 00:00:00",10582
"2017-04-18 00:00:00",8433
"2017-04-19 00:00:00",8207
"2017-04-20 00:00:00",7937
"2017-04-21 00:00:00",8721
"2017-04-22 00:00:00",11230
"2017-04-23 00:00:00",11889
"2017-04-24 00:00:00",8378
"2017-04-25 00:00:00",8286
"2017-04-26 00:00:00",7961
"2017-04-27 00:00:00",7743
"2017-04-28 00:00:00",8297
"2017-04-29 00:00:00",10268
"2017-04-30 00:00:00",10911
"2017-05-01 00:00:00",10115
"2017-05-02 00:00:00",8030
"2017-05-03 00:00:00",7821
"2017-05-04 00:00:00",7711
"2017-05-05 00:00:00",8164
"2017-05-06 00:00:00",10262
"2017-05-07 00:00:00",10825
"2017-05-08 00:00:00",8309
"2017-05-09 00:00:00",7722
"2017-05-10 00:00:00",7349
"2017-05-11 00:00:00",7359
"2017-05-12 00:00:00",7781
"2017-05-13 00:00:00",10057
"2017-05-14 00:00:00",10018
"2017-05-15 00:00:00",7686
"2017-05-16 00:00:00",7527
"2017-05-17 00:00:00",7503
"2017-05-18 00:00:00",12601,
"2017-05-19 00:00:00",16141
"2017-05-20 00:00:00",21894
"2017-05-21 00:00:00",24177
"2017-05-22 00:00:00",19333
"2017-05-23 00:00:00",16526
"2017-05-24 00:00:00",15244
"2017-05-25 00:00:00",15252
"2017-05-26 00:00:00",14454
"2017-05-27 00:00:00",16578
"2017-05-28 00:00:00",17348
"2017-05-29 00:00:00",15743
"2017-05-30 00:00:00",12914
"2017-05-31 00:00:00",12508
"2017-06-01 00:00:00",12084
"2017-06-02 00:00:00",12388
"2017-06-03 00:00:00",15422
"2017-06-04 00:00:00",16735
"2017-06-05 00:00:00",14273
"2017-06-06 00:00:00",12515
"2017-06-07 00:00:00",11856
"2017-06-08 00:00:00",11044
"2017-06-09 00:00:00",11631
"2017-06-10 00:00:00",13522
"2017-06-11 00:00:00",13762
"2017-06-12 00:00:00",10517
"2017-06-13 00:00:00",9826
"2017-06-14 00:00:00",9431
"2017-06-15 00:00:00",9789
"2017-06-16 00:00:00",10002
"2017-06-17 00:00:00",11476
"2017-06-18 00:00:00",11692
"2017-06-19 00:00:00",9233
"2017-06-20 00:00:00",8992
"2017-06-21 00:00:00",8767
"2017-06-22 00:00:00",8777
"2017-06-23 00:00:00",10479
"2017-06-24 00:00:00",13252
"2017-06-25 00:00:00",14558
"2017-06-26 00:00:00",12432
"2017-06-27 00:00:00",11724
"2017-06-28 00:00:00",11350
"2017-06-29 00:00:00",11888
"2017-06-30 00:00:00",11736
"2017-07-01 00:00:00",13833
"2017-07-02 00:00:00",15167
"2017-07-03 00:00:00",13323
"2017-07-04 00:00:00",14232
"2017-07-05 00:00:00",12997
"2017-07-06 00:00:00",11965
"2017-07-07 00:00:00",11438
"2017-07-08 00:00:00",13287
"2017-07-09 00:00:00",13672
"2017-07-10 00:00:00",11402
"2017-07-11 00:00:00",10589
"2017-07-12 00:00:00",10165
"2017-07-13 00:00:00",9980
"2017-07-14 00:00:00",10016
"2017-07-15 00:00:00",11838
"2017-07-16 00:00:00",12626
"2017-07-17 00:00:00",10192
"2017-07-18 00:00:00",9759
"2017-07-19 00:00:00",9514
"2017-07-20 00:00:00",9463
"2017-07-21 00:00:00",9124
"2017-07-22 00:00:00",11023
"2017-07-23 00:00:00",12163
"2017-07-24 00:00:00",9683
"2017-07-25 00:00:00",9763
"2017-07-26 00:00:00",9428
"2017-07-27 00:00:00",9196
"2017-07-28 00:00:00",9324
"2017-07-29 00:00:00",10775
"2017-07-30 00:00:00",11597
"2017-07-31 00:00:00",9251
"2017-08-01 00:00:00",8997
"2017-08-02 00:00:00",8722
"2017-08-03 00:00:00",8628
"2017-08-04 00:00:00",8580
"2017-08-05 00:00:00",10314
"2017-08-06 00:00:00",11297
"2017-08-07 00:00:00",9341
"2017-08-08 00:00:00",9351
"2017-08-09 00:00:00",8959
"2017-08-10 00:00:00",8927
"2017-08-11 00:00:00",9006
"2017-08-12 00:00:00",10676
"2017-08-13 00:00:00",11407
"2017-08-14 00:00:00",9106
"2017-08-15 00:00:00",9173
"2017-08-16 00:00:00",8802
"2017-08-17 00:00:00",9516
"2017-08-18 00:00:00",13384
"2017-08-19 00:00:00",18062
"2017-08-20 00:00:00",21161
"2017-08-21 00:00:00",16584
"2017-08-22 00:00:00",14485,,1805
"2017-08-23 00:00:00",13163,,1022
"2017-08-24 00:00:00",12182,,653
"2017-08-25 00:00:00",12134,,943
"2017-08-26 00:00:00",14668,,286
"2017-08-27 00:00:00",15125,,370
"2017-08-28 00:00:00",11371,,334
"2017-08-29 00:00:00",10691,,698
"2017-08-30 00:00:00",10362,,894
"2017-08-31 00:00:00",10359,,1259
"2017-09-01 00:00:00",10808,,552
"2017-09-02 00:00:00",13180,,264
"2017-09-03 00:00:00",14090,,244
"2017-09-04 00:00:00",12273,,730
"2017-09-05 00:00:00",9816,,868
"2017-09-06 00:00:00",9759,,790
"2017-09-07 00:00:00",9632,,731
"2017-09-08 00:00:00",10117,,514
"2017-09-09 00:00:00",13131,,517
"2017-09-10 00:00:00",13923,,818
"2017-09-11 00:00:00",9656,,838
"2017-09-12 00:00:00",9150,,652
"2017-09-13 00:00:00",9309,,317
"2017-09-14 00:00:00",8995,,222
"2017-09-15 00:00:00",9600,,648
"2017-09-16 00:00:00",12389,,690
"2017-09-17 00:00:00",12748,,425
"2017-09-18 00:00:00",8883,,471
"2017-09-19 00:00:00",8704,,912
"2017-09-20 00:00:00",8459,,442
"2017-09-21 00:00:00",8451,,561
"2017-09-22 00:00:00",8958,,3422
"2017-09-23 00:00:00",11119,,267
"2017-09-24 00:00:00",11706,,231
"2017-09-25 00:00:00",8129,,788
"2017-09-26 00:00:00",7918,,261
"2017-09-27 00:00:00",7924,,3157
"2017-09-28 00:00:00",7578,,480
"2017-09-29 00:00:00",7935,,1417
"2017-09-30 00:00:00",10676,,261
"2017-10-01 00:00:00",11436,,323
"2017-10-02 00:00:00",7992,,1438
"2017-10-03 00:00:00",8406,,422
"2017-10-04 00:00:00",7729,,145
"2017-10-05 00:00:00",7740,,1098
"2017-10-06 00:00:00",8450,,801
"2017-10-07 00:00:00",11128,,3497
"2017-10-08 00:00:00",12120,,2429
"2017-10-09 00:00:00",8992,,1156
"2017-10-10 00:00:00",7729,,1527
"2017-10-11 00:00:00",7897,,492
"2017-10-12 00:00:00",7783,,623
"2017-10-13 00:00:00",8346,,990
"2017-10-14 00:00:00",10757,,240
"2017-10-15 00:00:00",11067,,800
"2017-10-16 00:00:00",8142,,1327
"2017-10-17 00:00:00",7948,,816
"2017-10-18 00:00:00",7819,,1495
"2017-10-19 00:00:00",10698,,2127
"2017-10-20 00:00:00",14356,,1486
"2017-10-21 00:00:00",20288,,354
"2017-10-22 00:00:00",22277,,565
"2017-10-23 00:00:00",16031,,682
"2017-10-24 00:00:00",15498,,908
"2017-10-25 00:00:00",15139,,3001
"2017-10-26 00:00:00",14373,,1063
"2017-10-27 00:00:00",14494,,2009
"2017-10-28 00:00:00",18416,,4318
"2017-10-29 00:00:00",19259,,504
"2017-10-30 00:00:00",13721,,693
"2017-10-31 00:00:00",12972,,709
"2017-11-01 00:00:00",13147,,1047
"2017-11-02 00:00:00",12359,,1239
"2017-11-03 00:00:00",12550,,1705
"2017-11-04 00:00:00",15333,,4584
"2017-11-05 00:00:00",15598,,845
"2017-11-06 00:00:00",10678,,1410
"2017-11-07 00:00:00",10114,,807
"2017-11-08 00:00:00",9806,,670
"2017-11-09 00:00:00",9639,,627
"2017-11-10 00:00:00",10664,,3325
"2017-11-11 00:00:00",13617,,5213
"2017-11-12 00:00:00",13967,,4973
"2017-11-13 00:00:00",10016,,1736
"2017-11-14 00:00:00",9499,,837
"2017-11-15 00:00:00",9442,,3777
"2017-11-16 00:00:00",9310,,3355
"2017-11-17 00:00:00",9855,,2365
"2017-11-18 00:00:00",12453,,1450
"2017-11-19 00:00:00",13220,,694
"2017-11-20 00:00:00",9683,,486
"2017-11-21 00:00:00",9332,,813
"2017-11-22 00:00:00",9442,,656
"2017-11-23 00:00:00",10342,,1819
"2017-11-24 00:00:00",11261,,748
"2017-11-25 00:00:00",13534,,660
"2017-11-26 00:00:00",14058,,2428
"2017-11-27 00:00:00",10634,,1919
"2017-11-28 00:00:00",10814,,1401
"2017-11-29 00:00:00",10110,,789
"2017-11-30 00:00:00",9334,,2163
"2017-12-01 00:00:00",9953,,1047
"2017-12-02 00:00:00",12292,,3359
"2017-12-03 00:00:00",12609,,3934
"2017-12-04 00:00:00",9420,,2202
"2017-12-05 00:00:00",9364,,1210
"2017-12-06 00:00:00",10637,,4035
"2017-12-07 00:00:00",10939,,3955
"2017-12-08 00:00:00",11684,,894
"2017-12-09 00:00:00",13941,,733
"2017-12-10 00:00:00",14123,,1598
"2017-12-11 00:00:00",9969,,1165
"2017-12-12 00:00:00",9393,,2555
"2017-12-13 00:00:00",8812,,1843
"2017-12-14 00:00:00",8788,,3486
"2017-12-15 00:00:00",9334,,2784
"2017-12-16 00:00:00",11670,,612
"2017-12-17 00:00:00",12117,,1004
"2017-12-18 00:00:00",9362,,3216
"2017-12-19 00:00:00",9022,,870
"2017-12-20 00:00:00",8931,,836
"2017-12-21 00:00:00",9050,,404
"2017-12-22 00:00:00",10188,,638
"2017-12-23 00:00:00",12386,,314
"2017-12-24 00:00:00",11684,,235
"2017-12-25 00:00:00",11845,,2422
"2017-12-26 00:00:00",13552,,344
"2017-12-27 00:00:00",13773,,3265
"2017-12-28 00:00:00",13497,,3455
"2017-12-29 00:00:00",13742,,4065
"2017-12-30 00:00:00",14853,,2075
"2017-12-31 00:00:00",14281,,367
"2018-01-01 00:00:00",14841,,369
"2018-01-02 00:00:00",13096,,2839
"2018-01-03 00:00:00",12981,,734
"2018-01-04 00:00:00",13726,,4813
"2018-01-05 00:00:00",12796,,340
"2018-01-06 00:00:00",14795,,617
"2018-01-07 00:00:00",14598,,1083
"2018-01-08 00:00:00",10339,,556
"2018-01-09 00:00:00",9773,,9461
"2018-01-10 00:00:00",9254,,7019
"2018-01-11 00:00:00",9471,,6293
"2018-01-12 00:00:00",10336,,4288
"2018-01-13 00:00:00",13177,,6330
"2018-01-14 00:00:00",13681,,695
"2018-01-15 00:00:00",10869,,512
"2018-01-16 00:00:00",9757,,6705
"2018-01-17 00:00:00",9741,,1887
"2018-01-18 00:00:00",9598,,5268
"2018-01-19 00:00:00",9849,,381
"2018-01-20 00:00:00",12894,,228
"2018-01-21 00:00:00",13449,,518
"2018-01-22 00:00:00",9925,,3712
"2018-01-23 00:00:00",9498,,347
"2018-01-24 00:00:00",9160,,443
"2018-01-25 00:00:00",9226,,508
"2018-01-26 00:00:00",9693,,931
"2018-01-27 00:00:00",12418,,291
"2018-01-28 00:00:00",13119,,200
"2018-01-29 00:00:00",9651,,376
"2018-01-30 00:00:00",9346,,3552
"2018-01-31 00:00:00",9010,,2275
"2018-02-01 00:00:00",8902,,1256
"2018-02-02 00:00:00",9623,,539
"2018-02-03 00:00:00",12433,,1007
"2018-02-04 00:00:00",12968,,1161
"2018-02-05 00:00:00",8993,,881
"2018-02-06 00:00:00",10715,,836
"2018-02-07 00:00:00",14591,,755
"2018-02-08 00:00:00",15602,,344
"2018-02-09 00:00:00",16581,,4541
"2018-02-10 00:00:00",22319,,4210
"2018-02-11 00:00:00",22243,,1330
"2018-02-12 00:00:00",15101,,431
"2018-02-13 00:00:00",12908,,1269
"2018-02-14 00:00:00",11334,,1210
"2018-02-15 00:00:00",11337,,3628
"2018-02-16 00:00:00",12380,,645
"2018-02-17 00:00:00",15957,,931
"2018-02-18 00:00:00",17100,,308
"2018-02-19 00:00:00",13661,,1003
"2018-02-20 00:00:00",11219,,423
"2018-02-21 00:00:00",10973,,458
"2018-02-22 00:00:00",10547,,3196
"2018-02-23 00:00:00",10892,,612
"2018-02-24 00:00:00",13837,,179
"2018-02-25 00:00:00",14204,,323
"2018-02-26 00:00:00",10053,,555
"2018-02-27 00:00:00",9701,,901
"2018-02-28 00:00:00",9485,,1615
"2018-03-01 00:00:00",9457,,1555
"2018-03-02 00:00:00",10272,,775
"2018-03-03 00:00:00",13205,,998
"2018-03-04 00:00:00",13436,,386
"2018-03-05 00:00:00",9184,,437
"2018-03-06 00:00:00",8934,,1719
"2018-03-07 00:00:00",9151,,1769
"2018-03-08 00:00:00",8895,,1955
"2018-03-09 00:00:00",10338,,2575
"2018-03-10 00:00:00",13834,,2155
"2018-03-11 00:00:00",14453,,687
"2018-03-12 00:00:00",10750,,2006
"2018-03-13 00:00:00",10552,,1689
"2018-03-14 00:00:00",9984,,3412
"2018-03-15 00:00:00",9553,,3119
"2018-03-16 00:00:00",10506,,476
"2018-03-17 00:00:00",14076,,1143
"2018-03-18 00:00:00",14810,,1143
"2018-03-19 00:00:00",10206,,3109
"2018-03-20 00:00:00",9796,,302
"2018-03-21 00:00:00",9819,,3939
"2018-03-22 00:00:00",9276,,439
"2018-03-23 00:00:00",9922,,622
"2018-03-24 00:00:00",13011,,227
"2018-03-25 00:00:00",13673,,795
"2018-03-26 00:00:00",9956,,433
"2018-03-27 00:00:00",9406,,600
"2018-03-28 00:00:00",9355,,297
"2018-03-29 00:00:00",9383,,442
"2018-03-30 00:00:00",11629,,437
"2018-03-31 00:00:00",12515,,330
"2018-04-01 00:00:00",12271,,415
"2018-04-02 00:00:00",11741,,467
"2018-04-03 00:00:00",9294,,442
"2018-04-04 00:00:00",9331,,3405
"2018-04-05 00:00:00",9067,,448
"2018-04-06 00:00:00",9336,,418
"2018-04-07 00:00:00",11387,,350
"2018-04-08 00:00:00",12106,,6512
"2018-04-09 00:00:00",8914,,3871
"2018-04-10 00:00:00",8830,,1440
"2018-04-11 00:00:00",8764,,4005
"2018-04-12 00:00:00",8678,,1000
"2018-04-13 00:00:00",9284,,395
"2018-04-14 00:00:00",11830,,1450
"2018-04-15 00:00:00",12728,,3810
"2018-04-16 00:00:00",9431,,400
"2018-04-17 00:00:00",8673,,4166
"2018-04-18 00:00:00",8306,,1556
"2018-04-19 00:00:00",8276,,3243
"2018-04-20 00:00:00",8829,,3491
"2018-04-21 00:00:00",11639,,3205
"2018-04-22 00:00:00",12440,,3612
"2018-04-23 00:00:00",9451,,4861
"2018-04-24 00:00:00",8919,,788
"2018-04-25 00:00:00",9040,,6706
"2018-04-26 00:00:00",9046,,6079
"2018-04-27 00:00:00",9509,,3831
"2018-04-28 00:00:00",12281,,1800
"2018-04-29 00:00:00",13715,,1367
"2018-04-30 00:00:00",10497,,1008
"2018-05-01 00:00:00",11596,,621
"2018-05-02 00:00:00",9478,,1372
"2018-05-03 00:00:00",9169,,498
"2018-05-04 00:00:00",9675,,625
"2018-05-05 00:00:00",11824,,2157
"2018-05-06 00:00:00",11880,,979
"2018-05-07 00:00:00",8976,,434
"2018-05-08 00:00:00",8898,,5000
"2018-05-09 00:00:00",8785,,5531
"2018-05-10 00:00:00",10503,,3854
"2018-05-11 00:00:00",10161,,4356
"2018-05-12 00:00:00",12784,,2741
"2018-05-13 00:00:00",13073,,3881
"2018-05-14 00:00:00",9724,,10678
"2018-05-15 00:00:00",9481,,9823
"2018-05-16 00:00:00",9444,,3708
"2018-05-17 00:00:00",9420,,5108
"2018-05-18 00:00:00",10011,,4754
"2018-05-19 00:00:00",13066,,3283
"2018-05-20 00:00:00",13497,,821
"2018-05-21 00:00:00",11174,,4902
"2018-05-22 00:00:00",9968,,5877
"2018-05-23 00:00:00",9711,,3731
"2018-05-24 00:00:00",12640,,3010
"2018-05-25 00:00:00",21475,,3577
"2018-05-26 00:00:00",22791,,1785
"2018-05-27 00:00:00",24140,,4564
"2018-05-28 00:00:00",21605,,2510
"2018-05-29 00:00:00",16185,,3170
"2018-05-30 00:00:00",14716,,2343
"2018-05-31 00:00:00",14592,,2220
"2018-06-01 00:00:00",14081,,1541
"2018-06-02 00:00:00",16825,,1321
"2018-06-03 00:00:00",17039,,1708
"2018-06-04 00:00:00",12244,,1960
"2018-06-05 00:00:00",11812,,1803
"2018-06-06 00:00:00",11417,,2126
"2018-06-07 00:00:00",11318,,1766
"2018-06-08 00:00:00",11559,,1780
"2018-06-09 00:00:00",13997,,2775
"2018-06-10 00:00:00",15139,,1341
"2018-06-11 00:00:00",11109,,3311
"2018-06-12 00:00:00",10692,,1472
"2018-06-13 00:00:00",10839,,2141
"2018-06-14 00:00:00",10445,,597
"2018-06-15 00:00:00",10272,,6833
"2018-06-16 00:00:00",12769,,1204
"2018-06-17 00:00:00",13447,,632
"2018-06-18 00:00:00",10266,,2971
"2018-06-19 00:00:00",10048,,2991
"2018-06-20 00:00:00",9632,,2884
"2018-06-21 00:00:00",9403,,1922
"2018-06-22 00:00:00",11359,,996
"2018-06-23 00:00:00",14784,,500
"2018-06-24 00:00:00",15856,,1966
"2018-06-25 00:00:00",12392,,1832
"2018-06-26 00:00:00",11896,,706
"2018-06-27 00:00:00",11297,,1538
"2018-06-28 00:00:00",11096,,371
"2018-06-29 00:00:00",11714,,1674
"2018-06-30 00:00:00",13667,,341
"2018-07-01 00:00:00",14146,,397
"2018-07-02 00:00:00",12378,,1959
"2018-07-03 00:00:00",11781,,739
"2018-07-04 00:00:00",12773,,2566
"2018-07-05 00:00:00",12636,,1588
"2018-07-06 00:00:00",12414,,1078
"2018-07-07 00:00:00",13814,,401
"2018-07-08 00:00:00",14249,,513
"2018-07-09 00:00:00",11459,,985
"2018-07-10 00:00:00",10992,,1193
"2018-07-11 00:00:00",10663,,609
"2018-07-12 00:00:00",10206,,1562
"2018-07-13 00:00:00",10738,,404
"2018-07-14 00:00:00",12849,,350
"2018-07-15 00:00:00",13527,,2683
"2018-07-16 00:00:00",10708,,1618
"2018-07-17 00:00:00",10477,,1286
"2018-07-18 00:00:00",10260,,377
"2018-07-19 00:00:00",9916,,733
"2018-07-20 00:00:00",10291,,459
"2018-07-21 00:00:00",12750,,606
"2018-07-22 00:00:00",13308,,372
"2018-07-23 00:00:00",10343,,383
"2018-07-24 00:00:00",9733,,653
"2018-07-25 00:00:00",9390,,2022
"2018-07-26 00:00:00",9123,,1860
"2018-07-27 00:00:00",9531,,304
"2018-07-28 00:00:00",11362,,448
"2018-07-29 00:00:00",12335,,2430
"2018-07-30 00:00:00",9586,,887
"2018-07-31 00:00:00",9280,,1525
"2018-08-01 00:00:00",9212,,1111
"2018-08-02 00:00:00",9128,,525
"2018-08-03 00:00:00",9552,,977
"2018-08-04 00:00:00",11443,,510
"2018-08-05 00:00:00",12370,,406
"2018-08-06 00:00:00",10062,,285
"2018-08-07 00:00:00",9587,,834
"2018-08-08 00:00:00",9653,,1595
"2018-08-09 00:00:00",10019,,318
"2018-08-10 00:00:00",10251,,449
"2018-08-11 00:00:00",12402,,358
"2018-08-12 00:00:00",13375,,160
"2018-08-13 00:00:00",11045,,371
"2018-08-14 00:00:00",10704,,3680
"2018-08-15 00:00:00",11419,,491
"2018-08-16 00:00:00",11447,,339
"2018-08-17 00:00:00",11830,,266
"2018-08-18 00:00:00",14605,,964
"2018-08-19 00:00:00",15812,,333
"2018-08-20 00:00:00",12690,,319
"2018-08-21 00:00:00",12816,,7492
"2018-08-22 00:00:00",12839,,400
"2018-08-23 00:00:00",12401,,351
"2018-08-24 00:00:00",12870,,385
"2018-08-25 00:00:00",15588,,344
"2018-08-26 00:00:00",16784,,448
"2018-08-27 00:00:00",12739,,449
"2018-08-28 00:00:00",12216,,6981
"2018-08-29 00:00:00",11846,,416
"2018-08-30 00:00:00",11299,,421
"2018-08-31 00:00:00",11746,,406
"2018-09-01 00:00:00",14072,,930
"2018-09-02 00:00:00",14945,,5358
"2018-09-03 00:00:00",14496,,4538
"2018-09-04 00:00:00",10956,,837
"2018-09-05 00:00:00",10240,,424
"2018-09-06 00:00:00",10388,,220
"2018-09-07 00:00:00",13604,,362
"2018-09-08 00:00:00",19436,,593
"2018-09-09 00:00:00",22782,,478
"2018-09-10 00:00:00",16303,,315
"2018-09-11 00:00:00",14236,,820
"2018-09-12 00:00:00",12861,,344
"2018-09-13 00:00:00",12030,,322
"2018-09-14 00:00:00",13117,,1023
"2018-09-15 00:00:00",16667,,2459
"2018-09-16 00:00:00",16962,,4330
"2018-09-17 00:00:00",11427,,3151
"2018-09-18 00:00:00",11217,,3734
"2018-09-19 00:00:00",11118,,505
"2018-09-20 00:00:00",10724,,361
"2018-09-21 00:00:00",12228,,4248
"2018-09-22 00:00:00",16642,,1884
"2018-09-23 00:00:00",19119,,743
"2018-09-24 00:00:00",13028,,556
"2018-09-25 00:00:00",12551,,1037
"2018-09-26 00:00:00",11754,,1197
"2018-09-27 00:00:00",11331,,1029
"2018-09-28 00:00:00",11936,,578
"2018-09-29 00:00:00",15576,,1032
"2018-09-30 00:00:00",16511,,427
"2018-10-01 00:00:00",11235,,551
"2018-10-02 00:00:00",10784,,724
"2018-10-03 00:00:00",11153,,6151
"2018-10-04 00:00:00",10281,,754
"2018-10-05 00:00:00",11183,,2359
"2018-10-06 00:00:00",14677,,487
"2018-10-07 00:00:00",15168,,483
"2018-10-08 00:00:00",11455,,544
"2018-10-09 00:00:00",9955,,8770
"2018-10-10 00:00:00",9532,,649
"2018-10-11 00:00:00",9875,,962
"2018-10-12 00:00:00",11307,,989
"2018-10-13 00:00:00",14703,,825
"2018-10-14 00:00:00",15417,,791
"2018-10-15 00:00:00",10947,,790
"2018-10-16 00:00:00",10156,,917
"2018-10-17 00:00:00",10325,,1270
"2018-10-18 00:00:00",10164,,1215
"2018-10-19 00:00:00",11269,,1897
"2018-10-20 00:00:00",14843,,7392
"2018-10-21 00:00:00",15479,,2647
"2018-10-22 00:00:00",11235,,1833
"2018-10-23 00:00:00",16680,,6292
"2018-10-24 00:00:00",20311,,3125
"2018-10-25 00:00:00",21093,,2046
"2018-10-26 00:00:00",22784,,1788
"2018-10-27 00:00:00",28981,,2988
"2018-10-28 00:00:00",29557,,1612
"2018-10-29 00:00:00",19906,,682
"2018-10-30 00:00:00",18766,,1628
"2018-10-31 00:00:00",17550,,1359
"2018-11-01 00:00:00",18998,,1357
"2018-11-02 00:00:00",18917,,1806
"2018-11-03 00:00:00",23100,,1671
"2018-11-04 00:00:00",22946,,2368
"2018-11-05 00:00:00",15587,,1944
"2018-11-06 00:00:00",15108,,1960
"2018-11-07 00:00:00",14386,,2600
"2018-11-08 00:00:00",13864,,534
"2018-11-09 00:00:00",15437,,1992
"2018-11-10 00:00:00",19903,,495
"2018-11-11 00:00:00",19852,,1005
"2018-11-12 00:00:00",15009,,1011
"2018-11-13 00:00:00",13232,,1430
"2018-11-14 00:00:00",12486,,976
"2018-11-15 00:00:00",12868,,383
"2018-11-16 00:00:00",13427,,857
"2018-11-17 00:00:00",17466,,503
"2018-11-18 00:00:00",17932,,1648
"2018-11-19 00:00:00",13179,,735
"2018-11-20 00:00:00",12745,,806
"2018-11-21 00:00:00",13150,,980
"2018-11-22 00:00:00",15117,,594
"2018-11-23 00:00:00",16417,,1101
"2018-11-24 00:00:00",19728,,618
"2018-11-25 00:00:00",19991,,1270
"2018-11-26 00:00:00",14562,,622
"2018-11-27 00:00:00",13953,,3075
"2018-11-28 00:00:00",12977,,626
"2018-11-29 00:00:00",12728,,579
"2018-11-30 00:00:00",13503,,330
"2018-12-01 00:00:00",17588,,2092
"2018-12-02 00:00:00",17466,,1348
"2018-12-03 00:00:00",12390,,2821
"2018-12-04 00:00:00",12032,,4189
"2018-12-05 00:00:00",11841,,5030
"2018-12-06 00:00:00",11308,,959
"2018-12-07 00:00:00",11836,,870
"2018-12-08 00:00:00",15314,,714
"2018-12-09 00:00:00",15788,,671
"2018-12-10 00:00:00",11536,,24375
"2018-12-11 00:00:00",11124,,475
"2018-12-12 00:00:00",10591,,4383
"2018-12-13 00:00:00",10305,,884
"2018-12-14 00:00:00",11204,,3815
"2018-12-15 00:00:00",14701,,5886
"2018-12-16 00:00:00",14982,,1052
"2018-12-17 00:00:00",11500,,1599
"2018-12-18 00:00:00",11216,,717
"2018-12-19 00:00:00",11160,,1353
"2018-12-20 00:00:00",11519,,1439
"2018-12-21 00:00:00",13054,,4057
"2018-12-22 00:00:00",16515,,2209
"2018-12-23 00:00:00",17342,,658
"2018-12-24 00:00:00",15412,,2645
"2018-12-25 00:00:00",15301,,5644
"2018-12-26 00:00:00",16065,,335
"2018-12-27 00:00:00",16202,,439
"2018-12-28 00:00:00",16665,,4550
"2018-12-29 00:00:00",18288,,1272
"2018-12-30 00:00:00",19201,,1097
"2018-12-31 00:00:00",17732,,415
"2019-01-01 00:00:00",18384,,1208
"2019-01-02 00:00:00",16162,,500
"2019-01-03 00:00:00",15552,,673
"2019-01-04 00:00:00",15388,,646
"2019-01-05 00:00:00",18038,,304
"2019-01-06 00:00:00",17297,,915
"2019-01-07 00:00:00",12369,,392
"2019-01-08 00:00:00",11837,,760
"2019-01-09 00:00:00",11412,,1555
"2019-01-10 00:00:00",11259,,525
"2019-01-11 00:00:00",12140,,388
"2019-01-12 00:00:00",16152,,1435
"2019-01-13 00:00:00",17062,,4948
"2019-01-14 00:00:00",11577,,2121
"2019-01-15 00:00:00",11315,,2612
"2019-01-16 00:00:00",11110,,2063
"2019-01-17 00:00:00",11072,,2439
"2019-01-18 00:00:00",11822,,2552
"2019-01-19 00:00:00",15895,,2930
"2019-01-20 00:00:00",16143,,549
"2019-01-21 00:00:00",12758,,416
"2019-01-22 00:00:00",11144,,1408
"2019-01-23 00:00:00",10832,,791
"2019-01-24 00:00:00",10608,,4492
"2019-01-25 00:00:00",11169,,4119
"2019-01-26 00:00:00",15083,,1294
"2019-01-27 00:00:00",16221,,641
"2019-01-28 00:00:00",11308,,413
"2019-01-29 00:00:00",11372,,961
"2019-01-30 00:00:00",11417,,535
"2019-01-31 00:00:00",10860,,549
"2019-02-01 00:00:00",11292,,266
"2019-02-02 00:00:00",14894,,549
"2019-02-03 00:00:00",16156,,432
"2019-02-04 00:00:00",11569,,1157
"2019-02-05 00:00:00",12055,,616
"2019-02-06 00:00:00",12153,,804
"2019-02-07 00:00:00",12162,,3580
"2019-02-08 00:00:00",13437,,1253
"2019-02-09 00:00:00",18093,,1233
"2019-02-10 00:00:00",19651,,843
"2019-02-11 00:00:00",13412,,1070
"2019-02-12 00:00:00",12925,,768
"2019-02-13 00:00:00",11984,,607
"2019-02-14 00:00:00",10649,,1043
"2019-02-15 00:00:00",12155,,225
"2019-02-16 00:00:00",15809,,1194
"2019-02-17 00:00:00",16066,,448
"2019-02-18 00:00:00",12945,,385
"2019-02-19 00:00:00",11375,,526
"2019-02-20 00:00:00",11538,,742
"2019-02-21 00:00:00",11031,,960
"2019-02-22 00:00:00",11889,,664
"2019-02-23 00:00:00",15272,,1404
"2019-02-24 00:00:00",15615,,1130
"2019-02-25 00:00:00",11294,,1015
"2019-02-26 00:00:00",10715,,1069
"2019-02-27 00:00:00",10633,,738
"2019-02-28 00:00:00",10388,,1268
"2019-03-01 00:00:00",11312,,986
"2019-03-02 00:00:00",14978,,847
"2019-03-03 00:00:00",15704,,915
"2019-03-04 00:00:00",11496,,1137
"2019-03-05 00:00:00",11049,,1166
"2019-03-06 00:00:00",10644,,1711
"2019-03-07 00:00:00",10455,,1751
"2019-03-08 00:00:00",11431,,1162
"2019-03-09 00:00:00",15555,,1573
"2019-03-10 00:00:00",16807,,575
"2019-03-11 00:00:00",11743,,1283
"2019-03-12 00:00:00",11038,,604
"2019-03-13 00:00:00",10913,,1156
"2019-03-14 00:00:00",10803,,1252
"2019-03-15 00:00:00",11753,,971
"2019-03-16 00:00:00",15775,,297
"2019-03-17 00:00:00",16167,,4998
"2019-03-18 00:00:00",11558,,3716
"2019-03-19 00:00:00",11041,,2913
"2019-03-20 00:00:00",10831,,538
"2019-03-21 00:00:00",11823,,691
"2019-03-22 00:00:00",15677,,941
"2019-03-23 00:00:00",22711,,464
"2019-03-24 00:00:00",24905,,1406
"2019-03-25 00:00:00",15872,,672
"2019-03-26 00:00:00",14439,,4313
"2019-03-27 00:00:00",13560,,957
"2019-03-28 00:00:00",13146,,570
"2019-03-29 00:00:00",13584,,781
"2019-03-30 00:00:00",17548,,1049
"2019-03-31 00:00:00",18156,,2306
"2019-04-01 00:00:00",13012,,4588
"2019-04-02 00:00:00",12903,,666
"2019-04-03 00:00:00",12950,,1551
"2019-04-04 00:00:00",13399,,6855
"2019-04-05 00:00:00",14594,,5653
"2019-04-06 00:00:00",18516,,4001
"2019-04-07 00:00:00",20037,,13259
"2019-04-08 00:00:00",14615,,13504
"2019-04-09 00:00:00",14655,,10793
"2019-04-10 00:00:00",14159,,2210
"2019-04-11 00:00:00",14199,,1360
"2019-04-12 00:00:00",15184,,2435
"2019-04-13 00:00:00",19952,,2063
"2019-04-14 00:00:00",20592,,2457
"2019-04-15 00:00:00",14458,,5722
"2019-04-16 00:00:00",13923,,762
"2019-04-17 00:00:00",13620,,1342
"2019-04-18 00:00:00",13803,,1097
"2019-04-19 00:00:00",16843,,956
"2019-04-20 00:00:00",17977,,1556
"2019-04-21 00:00:00",17419,,1566
"2019-04-22 00:00:00",16204,,5640
"2019-04-23 00:00:00",13618,,5274
"2019-04-24 00:00:00",13312,,2385
"2019-04-25 00:00:00",13023,,6888
"2019-04-26 00:00:00",13505,,5324
"2019-04-27 00:00:00",17706,,353
"2019-04-28 00:00:00",18615,,1489
"2019-04-29 00:00:00",12489,,2095
"2019-04-30 00:00:00",12575,,3073
"2019-05-01 00:00:00",14989,,3086
"2019-05-02 00:00:00",12734,,2653
"2019-05-03 00:00:00",13959,,914
"2019-05-04 00:00:00",17994,,1334
"2019-05-05 00:00:00",19004,,1730
"2019-05-06 00:00:00",13094,,4028
"2019-05-07 00:00:00",12798,,3518
"2019-05-08 00:00:00",13181,,1915
"2019-05-09 00:00:00",13193,,2319
"2019-05-10 00:00:00",14449,,1269
"2019-05-11 00:00:00",18902,,3224
"2019-05-12 00:00:00",19435,,3726
"2019-05-13 00:00:00",14340,,1220
"2019-05-14 00:00:00",13993,,953
"2019-05-15 00:00:00",13693,,639
"2019-05-16 00:00:00",13027,,4145
"2019-05-17 00:00:00",14021,,5305
"2019-05-18 00:00:00",17709,,2610
"2019-05-19 00:00:00",18228,,1384
"2019-05-20 00:00:00",13615,,938
"2019-05-21 00:00:00",15882,,1883
"2019-05-22 00:00:00",18514,,1474
"2019-05-23 00:00:00",19095,,7113
"2019-05-24 00:00:00",20792,,4284
"2019-05-25 00:00:00",23804,,2575
"2019-05-26 00:00:00",22905,,967
"2019-05-27 00:00:00",19622,,2883
"2019-05-28 00:00:00",16141,,2225
"2019-05-29 00:00:00",15434,,1182
"2019-05-30 00:00:00",16860,,645
"2019-05-31 00:00:00",15777,,570
"2019-06-01 00:00:00",18079,,463
"2019-06-02 00:00:00",18807,,3003
"2019-06-03 00:00:00",14163,,653
"2019-06-04 00:00:00",13820,,18873
"2019-06-05 00:00:00",13481,,1822
"2019-06-06 00:00:00",13815,,1098
"2019-06-07 00:00:00",14058,,639
"2019-06-08 00:00:00",17891,,2202
"2019-06-09 00:00:00",18556,,849
"2019-06-10 00:00:00",15471,,413
"2019-06-11 00:00:00",13799,,6421
"2019-06-12 00:00:00",14032,,3012
"2019-06-13 00:00:00",13635,,539
"2019-06-14 00:00:00",13542,,743
"2019-06-15 00:00:00",17544,,1984
"2019-06-16 00:00:00",18183,,1574
"2019-06-17 00:00:00",13690,,1662
"2019-06-18 00:00:00",13382,,2336
"2019-06-19 00:00:00",12903,,1388
"2019-06-20 00:00:00",13527,,819
"2019-06-21 00:00:00",13096,,536
"2019-06-22 00:00:00",16161,,543
"2019-06-23 00:00:00",16688,,627
"2019-06-24 00:00:00",12606,,470
"2019-06-25 00:00:00",11982,,373
"2019-06-26 00:00:00",12819,,487
"2019-06-27 00:00:00",13135,,2920
"2019-06-28 00:00:00",13640,,849
"2019-06-29 00:00:00",17047,,405
"2019-06-30 00:00:00",17908,,2207
"2019-07-01 00:00:00",14059,,2638
"2019-07-02 00:00:00",14059,,4069
"2019-07-03 00:00:00",13894,,522
"2019-07-04 00:00:00",14820,,520
"2019-07-05 00:00:00",15362,,351
"2019-07-06 00:00:00",21049,,4138
"2019-07-07 00:00:00",21174,,294
"2019-07-08 00:00:00",16654,,2713
"2019-07-09 00:00:00",16795,,2192
"2019-07-10 00:00:00",15387,,1846
"2019-07-11 00:00:00",15070,,1250
"2019-07-12 00:00:00",15826,,1084
"2019-07-13 00:00:00",18977,,379
"2019-07-14 00:00:00",19541,,1894
"2019-07-15 00:00:00",14712,,1319
"2019-07-16 00:00:00",14326,,1188
"2019-07-17 00:00:00",13941,,989
"2019-07-18 00:00:00",13622,,470
"2019-07-19 00:00:00",14132,,716
"2019-07-20 00:00:00",16884,,2970
"2019-07-21 00:00:00",17493,,729
"2019-07-22 00:00:00",12967,,296
"2019-07-23 00:00:00",12463,,641
"2019-07-24 00:00:00",11738,,482
"2019-07-25 00:00:00",11627,,714
"2019-07-26 00:00:00",12190,,200
"2019-07-27 00:00:00",15350,,520
"2019-07-28 00:00:00",16170,,580
"2019-07-29 00:00:00",12379,,509
"2019-07-30 00:00:00",12109,,1073
"2019-07-31 00:00:00",12122,,5842
"2019-08-01 00:00:00",11739,,417
"2019-08-02 00:00:00",12687,,275
"2019-08-03 00:00:00",14788,,721
"2019-08-04 00:00:00",15454,,761
"2019-08-05 00:00:00",12014,,485
"2019-08-06 00:00:00",11720,,650
"2019-08-07 00:00:00",11479,,370
"2019-08-08 00:00:00",11510,,1833
"2019-08-09 00:00:00",12317,,393
"2019-08-10 00:00:00",15016,,818
"2019-08-11 00:00:00",15755,,386
"2019-08-12 00:00:00",12268,,914
"2019-08-13 00:00:00",12173,,267
"2019-08-14 00:00:00",11840,,1298
"2019-08-15 00:00:00",12404,,369
"2019-08-16 00:00:00",12658,,257
"2019-08-17 00:00:00",14983,,633
"2019-08-18 00:00:00",15819,,1401
"2019-08-19 00:00:00",11608,,439
"2019-08-20 00:00:00",11496,,1261
"2019-08-21 00:00:00",11301,,779
"2019-08-22 00:00:00",11081,,794
"2019-08-23 00:00:00",11669,,648
"2019-08-24 00:00:00",14077,,414
"2019-08-25 00:00:00",14860,,1419
"2019-08-26 00:00:00",11885,,482
"2019-08-27 00:00:00",10976,,787
"2019-08-28 00:00:00",10788,,670
"2019-08-29 00:00:00",10853,,797
"2019-08-30 00:00:00",11538,,151
"2019-08-31 00:00:00",13871,,256
"2019-09-01 00:00:00",14876,,724
"2019-09-02 00:00:00",12941,,420
"2019-09-03 00:00:00",10730,,876
"2019-09-04 00:00:00",10713,,654
"2019-09-05 00:00:00",10406,,830
"2019-09-06 00:00:00",11590,,748
"2019-09-07 00:00:00",15395,,1585
"2019-09-08 00:00:00",15826,,1697
"2019-09-09 00:00:00",11235,,1320
"2019-09-10 00:00:00",10923,,319
"2019-09-11 00:00:00",10798,,725
"2019-09-12 00:00:00",11038,,5697
"2019-09-13 00:00:00",11841,,365
"2019-09-14 00:00:00",15398,,3632
"2019-09-15 00:00:00",16294,,457
"2019-09-16 00:00:00",11379,,175
"2019-09-17 00:00:00",10922,,218
"2019-09-18 00:00:00",10853,,317
"2019-09-19 00:00:00",10603,,541
"2019-09-20 00:00:00",11832,,411
"2019-09-21 00:00:00",15126,,530
"2019-09-22 00:00:00",16026,,292
"2019-09-23 00:00:00",11117,,216
"2019-09-24 00:00:00",10934,,502
"2019-09-25 00:00:00",10582,,216
"2019-09-26 00:00:00",10503,,413
"2019-09-27 00:00:00",12005,,117
"2019-09-28 00:00:00",15166,,540
"2019-09-29 00:00:00",16488,,970
"2019-09-30 00:00:00",11369,,674
"2019-10-01 00:00:00",10880,,609
"2019-10-02 00:00:00",10722,,240
"2019-10-03 00:00:00",11260,,286
"2019-10-04 00:00:00",11857,,835
"2019-10-05 00:00:00",15245,,714
"2019-10-06 00:00:00",16281,,236
"2019-10-07 00:00:00",10895,,197
"2019-10-08 00:00:00",10863,,605
"2019-10-09 00:00:00",11222,,513
"2019-10-10 00:00:00",10870,,548
"2019-10-11 00:00:00",12089,,587
"2019-10-12 00:00:00",15825,,1256
"2019-10-13 00:00:00",16201,,372
"2019-10-14 00:00:00",11828,,855
"2019-10-15 00:00:00",10962,,801
"2019-10-16 00:00:00",10908,,522
"2019-10-17 00:00:00",11137,,456
"2019-10-18 00:00:00",15053,,2002
"2019-10-19 00:00:00",21135,,796
"2019-10-20 00:00:00",23051,,926
"2019-10-21 00:00:00",16751,,707
"2019-10-22 00:00:00",15234,,684
"2019-10-23 00:00:00",14353,,321
"2019-10-24 00:00:00",13666,,413
"2019-10-25 00:00:00",14804,,218
"2019-10-26 00:00:00",18334,,568
"2019-10-27 00:00:00",18337,,396
"2019-10-28 00:00:00",12256,,783
"2019-10-29 00:00:00",11790,,807
"2019-10-30 00:00:00",11351,,299
"2019-10-31 00:00:00",11329,,202
"2019-11-01 00:00:00",13456,,285
"2019-11-02 00:00:00",16653,,1710
"2019-11-03 00:00:00",17209,,437
"2019-11-04 00:00:00",11321,,6429
"2019-11-05 00:00:00",10595,,825
"2019-11-06 00:00:00",10389,,238
"2019-11-07 00:00:00",11218,,183
"2019-11-08 00:00:00",15287,,359
"2019-11-09 00:00:00",23265,,430
"2019-11-10 00:00:00",23997,,439
"2019-11-11 00:00:00",17813,,1001
"2019-11-12 00:00:00",14105,,707
"2019-11-13 00:00:00",13300,,319
"2019-11-14 00:00:00",12654,,304
"2019-11-15 00:00:00",14062,,518
"2019-11-16 00:00:00",18266,,287
"2019-11-17 00:00:00",18344,,259
"2019-11-18 00:00:00",11917,,988
"2019-11-19 00:00:00",11427,,904
"2019-11-20 00:00:00",11289,,285
"2019-11-21 00:00:00",11127,,275
"2019-11-22 00:00:00",12216,,339
"2019-11-23 00:00:00",16731,,295
"2019-11-24 00:00:00",17033,,272
"2019-11-25 00:00:00",11458,,642
"2019-11-26 00:00:00",11607,,874
"2019-11-27 00:00:00",13446,,676
"2019-11-28 00:00:00",13796,,159
"2019-11-29 00:00:00",14832,,484
"2019-11-30 00:00:00",18813,,312
"2019-12-01 00:00:00",19182,,451
"2019-12-02 00:00:00",13199,,942
"2019-12-03 00:00:00",13164,,1125
"2019-12-04 00:00:00",12537,,677
"2019-12-05 00:00:00",12254,,151
"2019-12-06 00:00:00",13462,,642
"2019-12-07 00:00:00",17076,,607
"2019-12-08 00:00:00",17851,,1860
"2019-12-09 00:00:00",12574,,667
"2019-12-10 00:00:00",11767,,689
"2019-12-11 00:00:00",11662,,493
"2019-12-12 00:00:00",11435,,189
"2019-12-13 00:00:00",12019,,133
"2019-12-14 00:00:00",16177,,205
"2019-12-15 00:00:00",16461,,767
"2019-12-16 00:00:00",12122,,764
"2019-12-17 00:00:00",12073,,803
"2019-12-18 00:00:00",11663,,274
"2019-12-19 00:00:00",11750,,353
"2019-12-20 00:00:00",13274,,443
"2019-12-21 00:00:00",17244,,278
"2019-12-22 00:00:00",18155,,308
"2019-12-23 00:00:00",15591,,633
"2019-12-24 00:00:00",15976,,3991
"2019-12-25 00:00:00",15214,,492
"2019-12-26 00:00:00",16553,,497
"2019-12-27 00:00:00",17761,,798
"2019-12-28 00:00:00",19907,,243
"2019-12-29 00:00:00",20239,,218
"2019-12-30 00:00:00",17885,,3089
"2019-12-31 00:00:00",18258,,2900
"2020-01-01 00:00:00",18519,,2434
"2020-01-02 00:00:00",17845,,2480
"2020-01-03 00:00:00",17665,,2775
"2020-01-04 00:00:00",19626,,2837
"2020-01-05 00:00:00",18987,,3416
"2020-01-06 00:00:00",14116,,3304
"2020-01-07 00:00:00",12711,,3622
"2020-01-08 00:00:00",12319,,2836
"2020-01-09 00:00:00",12280,,2636
"2020-01-10 00:00:00",13410,,2369
"2020-01-11 00:00:00",17989,,583
"2020-01-12 00:00:00",18689,,598
"2020-01-13 00:00:00",12845,,655
"2020-01-14 00:00:00",12544,,2730
"2020-01-15 00:00:00",12217,,2385
"2020-01-16 00:00:00",12136,,407
"2020-01-17 00:00:00",13298,,451
"2020-01-18 00:00:00",17541,,413
"2020-01-19 00:00:00",18205,,549
"2020-01-20 00:00:00",14534,,438
"2020-01-21 00:00:00",12684,,235
"2020-01-22 00:00:00",12337,,1903
"2020-01-23 00:00:00",12507,,285
"2020-01-24 00:00:00",14139,,552
"2020-01-25 00:00:00",19757,,963
"2020-01-26 00:00:00",21623,,1802
"2020-01-27 00:00:00",15217,,536
"2020-01-28 00:00:00",15009,,710
"2020-01-29 00:00:00",14629,,1991
"2020-01-30 00:00:00",14051,,1888
"2020-01-31 00:00:00",14850,,394
"2020-02-01 00:00:00",19152,,326
"2020-02-02 00:00:00",19995,,432
"2020-02-03 00:00:00",13556,,3621
"2020-02-04 00:00:00",13400,,1083
"2020-02-05 00:00:00",13289,,513
"2020-02-06 00:00:00",13263,,307
"2020-02-07 00:00:00",14547,,709
"2020-02-08 00:00:00",19077,,538
"2020-02-09 00:00:00",20578,,941
"2020-02-10 00:00:00",13695,,234
"2020-02-11 00:00:00",13432,,750
"2020-02-12 00:00:00",13059,,776
"2020-02-13 00:00:00",12889,,553
"2020-02-14 00:00:00",14061,,221
"2020-02-15 00:00:00",18986,,450
"2020-02-16 00:00:00",19804,,412
"2020-02-17 00:00:00",14593,,2023
"2020-02-18 00:00:00",13067,,794
"2020-02-19 00:00:00",12812,,1447
"2020-02-20 00:00:00",12818,,396
"2020-02-21 00:00:00",14245,,545
"2020-02-22 00:00:00",18149,,1110
"2020-02-23 00:00:00",19450,,459
"2020-02-24 00:00:00",13640,,461
"2020-02-25 00:00:00",13010,,685
"2020-02-26 00:00:00",12720,,877
"2020-02-27 00:00:00",12768,,2053
"2020-02-28 00:00:00",13700,,1479
"2020-02-29 00:00:00",18560,,465
"2020-03-01 00:00:00",19282,,698
"2020-03-02 00:00:00",12559,,747
"2020-03-03 00:00:00",12343,,684
"2020-03-04 00:00:00",12380,,534
"2020-03-05 00:00:00",12379,,630
"2020-03-06 00:00:00",13893,,1208
"2020-03-07 00:00:00",18682,,1201
"2020-03-08 00:00:00",19108,,1473
"2020-03-09 00:00:00",13235,,1397
"2020-03-10 00:00:00",13296,,877
"2020-03-11 00:00:00",13110,,407
"2020-03-12 00:00:00",13458,,584
"2020-03-13 00:00:00",15632,,320
"2020-03-14 00:00:00",21433,,1154
"2020-03-15 00:00:00",22439,,547
"2020-03-16 00:00:00",16796,,892
"2020-03-17 00:00:00",17392,,897
"2020-03-18 00:00:00",16936,,2091
"2020-03-19 00:00:00",18315,,308
"2020-03-20 00:00:00",19877,,4918
"2020-03-21 00:00:00",26176,,6303
"2020-03-22 00:00:00",27057,,6392
"2020-03-23 00:00:00",21046,,1921
"2020-03-24 00:00:00",20894,,3313
"2020-03-25 00:00:00",20906,,6137
"2020-03-26 00:00:00",27557,,5575
"2020-03-27 00:00:00",37915,,3047
"2020-03-28 00:00:00",50739,,4381
"2020-03-29 00:00:00",56061,,4694
"2020-03-30 00:00:00",40666,,30095
"2020-03-31 00:00:00",38336,,5083
"2020-04-01 00:00:00",35981,,3917
"2020-04-02 00:00:00",34983,,4133
"2020-04-03 00:00:00",37114,,2186
"2020-04-04 00:00:00",41713,,2619
"2020-04-05 00:00:00",37107,,27877
"2020-04-06 00:00:00",27634,,1870
"2020-04-07 00:00:00",26702,,11278
"2020-04-08 00:00:00",25550,,3502
"2020-04-09 00:00:00",25521,,2003
"2020-04-10 00:00:00",29372,,1953
"2020-04-11 00:00:00",30608,,2072
"2020-04-12 00:00:00",30831,,1343
"2020-04-13 00:00:00",29305,,1414
"2020-04-14 00:00:00",23768,,2100
"2020-04-15 00:00:00",21858,,1570
"2020-04-16 00:00:00",21547,,1537
"2020-04-17 00:00:00",22710,,1754
"2020-04-18 00:00:00",27606,,1544
"2020-04-19 00:00:00",26813,,669
"2020-04-20 00:00:00",19869,,1606
"2020-04-21 00:00:00",20209,,2194
"2020-04-22 00:00:00",19774,,5137
"2020-04-23 00:00:00",19854,,9324
"2020-04-24 00:00:00",21355,,2209
"2020-04-25 00:00:00",25315,,1593
"2020-04-26 00:00:00",26016,,1980
"2020-04-27 00:00:00",19621,,2574
"2020-04-28 00:00:00",19594,,3742
"2020-04-29 00:00:00",19401,,2380
"2020-04-30 00:00:00",19780,,3070
"2020-05-01 00:00:00",23060,,2141
"2020-05-02 00:00:00",23953,,2022
"2020-05-03 00:00:00",24375,,1006
"2020-05-04 00:00:00",18489,,702
"2020-05-05 00:00:00",17915,,3278
"2020-05-06 00:00:00",16913,,2183
"2020-05-07 00:00:00",16942,,2041
"2020-05-08 00:00:00",18500,,1725
"2020-05-09 00:00:00",21632,,961
"2020-05-10 00:00:00",22730,,1196
"2020-05-11 00:00:00",17696,,2220
"2020-05-12 00:00:00",17178,,984
"2020-05-13 00:00:00",17020,,2707
"2020-05-14 00:00:00",16093,,909
"2020-05-15 00:00:00",20269,,1854
"2020-05-16 00:00:00",25204,,659
"2020-05-17 00:00:00",26042,,1002
"2020-05-18 00:00:00",21113,,9839
"2020-05-19 00:00:00",19534,,1431
"2020-05-20 00:00:00",17578,,1221
"2020-05-21 00:00:00",18291,,7388
"2020-05-22 00:00:00",18875,,1263
"2020-05-23 00:00:00",21912,,951
"2020-05-24 00:00:00",21695,,730
"2020-05-25 00:00:00",17585,,890
"2020-05-26 00:00:00",15651,,539
"2020-05-27 00:00:00",16336,,746
"2020-05-28 00:00:00",16447,,1631
"2020-05-29 00:00:00",17185,,1542
"2020-05-30 00:00:00",20068,,451
"2020-05-31 00:00:00",20055,,716
"2020-06-01 00:00:00",16632,,472
"2020-06-02 00:00:00",14900,,620
"2020-06-03 00:00:00",15165,,521
"2020-06-04 00:00:00",15649,,745
"2020-06-05 00:00:00",17091,,1705
"2020-06-06 00:00:00",20535,,953
"2020-06-07 00:00:00",21517,,1301
"2020-06-08 00:00:00",15826,,1170
"2020-06-09 00:00:00",15639,,626
"2020-06-10 00:00:00",15279,,381
"2020-06-11 00:00:00",15639,,1257
"2020-06-12 00:00:00",15560,,1367
"2020-06-13 00:00:00",17802,,586
"2020-06-14 00:00:00",18766,,931
"2020-06-15 00:00:00",13897,,944
"2020-06-16 00:00:00",13883,,872
"2020-06-17 00:00:00",13722,,491
"2020-06-18 00:00:00",13634,,421
"2020-06-19 00:00:00",14335,,348
"2020-06-20 00:00:00",16346,,350
"2020-06-21 00:00:00",16604,,727
"2020-06-22 00:00:00",13077,,3019
"2020-06-23 00:00:00",12699,,761
"2020-06-24 00:00:00",12901,,732
"2020-06-25 00:00:00",12542,,272
"2020-06-26 00:00:00",15087,,652
"2020-06-27 00:00:00",18019,,346
"2020-06-28 00:00:00",19328,,6520
"2020-06-29 00:00:00",16029,,407
"2020-06-30 00:00:00",15678,,843
"2020-07-01 00:00:00",15667,,1397
"2020-07-02 00:00:00",15510,,315
"2020-07-03 00:00:00",16566,,339
"2020-07-04 00:00:00",18689,,779
"2020-07-05 00:00:00",18881,,822
"2020-07-06 00:00:00",15492,,689
"2020-07-07 00:00:00",15495,,736
"2020-07-08 00:00:00",15551,,474
"2020-07-09 00:00:00",15927,,334
"2020-07-10 00:00:00",15874,,303
"2020-07-11 00:00:00",17927,,385
"2020-07-12 00:00:00",17776,,376
"2020-07-13 00:00:00",14854,,343
"2020-07-14 00:00:00",15005,,1000
"2020-07-15 00:00:00",14489,,841
"2020-07-16 00:00:00",14003,,300
"2020-07-17 00:00:00",14504,,217
"2020-07-18 00:00:00",16284,,888
"2020-07-19 00:00:00",16735,,834
"2020-07-20 00:00:00",13860,,612
"2020-07-21 00:00:00",14284,,1469
"2020-07-22 00:00:00",14194,,2862
"2020-07-23 00:00:00",14830,,622
"2020-07-24 00:00:00",15914,,634
"2020-07-25 00:00:00",18277,,490
"2020-07-26 00:00:00",19156,,523
"2020-07-27 00:00:00",15821,,522
"2020-07-28 00:00:00",15755,,1857
"2020-07-29 00:00:00",15230,,300
"2020-07-30 00:00:00",15232,,2005
"2020-07-31 00:00:00",15492,,749
"2020-08-01 00:00:00",18091,,383
"2020-08-02 00:00:00",19498,,404
"2020-08-03 00:00:00",16998,,750